// This Source Code Form is subject to the terms of the Mozilla Public
// License, v. 2.0. If a copy of the MPL was not distributed with this
// file, You can obtain one at https://mozilla.org/MPL/2.0/.
//
// Sparse 12px bitmap CJK font for A Dark Room. GENERATED by
// tools/gen_cjk_font.py from Fusion Pixel 12px (SIL OFL-1.1,
// fonts/fusion_pixel_OFL.txt) over the glyph closure of
// src/strings_zh.h + ASCII. Do not edit by hand; rerun the tool.
// Glyphs are sorted by codepoint for the binary search in cjk_text.cpp.
// Include from exactly ONE .cpp (cjk_text.cpp) — it carries the bitmap pool.
// 1359 glyphs · 20344 bitmap bytes · baseline row 49 · px 12.
#pragma once
#include <stdint.h>

// One row per glyph, sorted by cp (ascending) for binary search.
// cp: Unicode codepoint (BMP). off: byte offset into the bitmap
// pool. w/h: ink box. xoff/yoff: ink origin vs pen baseline.
// adv: pen advance (proportional face).
struct CjkGlyph { uint16_t cp; uint16_t off; uint8_t w, h; int8_t xoff, yoff; uint8_t adv; };

static const uint8_t cjkFont12Bitmaps[] = {
    0xFE, 0x80, 0xB6, 0x80, 0x49, 0x2F, 0xD2, 0x49, 0x2F, 0xD2, 0x48, 0x23, 0xAB, 0x4A, 0x38, 0xA5,
    0xAB, 0x88, 0x45, 0x49, 0x20, 0x41, 0x04, 0x09, 0x25, 0x44, 0x31, 0x24, 0x8C, 0x66, 0x58, 0xA2,
    0x74, 0xE0, 0x29, 0x49, 0x24, 0x48, 0x80, 0x89, 0x12, 0x49, 0x4A, 0x00, 0x25, 0x5D, 0x52, 0x00,
    0x21, 0x3E, 0x42, 0x00, 0x58, 0xF8, 0x80, 0x08, 0x44, 0x22, 0x10, 0x88, 0x44, 0x20, 0x74, 0x63,
    0x3A, 0xE6, 0x31, 0x70, 0x59, 0x24, 0x92, 0xE0, 0x74, 0x42, 0x11, 0x11, 0x10, 0xF8, 0x74, 0x42,
    0x13, 0x04, 0x31, 0x70, 0x11, 0x8C, 0xA5, 0x4B, 0xE2, 0x10, 0xFC, 0x21, 0x0F, 0x04, 0x31, 0x70,
    0x74, 0x61, 0x0F, 0x46, 0x31, 0x70, 0xF8, 0x42, 0x21, 0x10, 0x84, 0x20, 0x74, 0x63, 0x17, 0x46,
    0x31, 0x70, 0x74, 0x63, 0x17, 0x84, 0x31, 0x70, 0x84, 0x40, 0x16, 0x12, 0x48, 0x42, 0x10, 0xF8,
    0x3E, 0x84, 0x21, 0x24, 0x80, 0x74, 0x42, 0x11, 0x10, 0x80, 0x20, 0x38, 0x8A, 0x6D, 0x5A, 0xB5,
    0x6A, 0xDB, 0x40, 0x78, 0x10, 0x20, 0xA1, 0x44, 0x4F, 0x91, 0x41, 0x82, 0xFA, 0x18, 0x61, 0xFA,
    0x18, 0x61, 0xF8, 0x39, 0x18, 0x20, 0x82, 0x08, 0x11, 0x38, 0xF2, 0x28, 0x61, 0x86, 0x18, 0x62,
    0xF0, 0xFE, 0x08, 0x20, 0xFA, 0x08, 0x20, 0xFC, 0xFE, 0x08, 0x20, 0xFA, 0x08, 0x20, 0x80, 0x39,
    0x18, 0x20, 0x82, 0x38, 0x51, 0x3C, 0x86, 0x18, 0x61, 0xFE, 0x18, 0x61, 0x84, 0xE9, 0x24, 0x92,
    0xE0, 0x08, 0x42, 0x10, 0x86, 0x31, 0x70, 0x86, 0x29, 0x28, 0xC2, 0x89, 0x22, 0x84, 0x84, 0x21,
    0x08, 0x42, 0x10, 0xF8, 0x83, 0x07, 0x1E, 0x3A, 0xB5, 0x64, 0xC9, 0x92, 0x87, 0x1A, 0x69, 0x96,
    0x58, 0xE3, 0x84, 0x38, 0x8A, 0x0C, 0x18, 0x30, 0x60, 0xA2, 0x38, 0xFA, 0x18, 0x61, 0xFA, 0x08,
    0x20, 0x80, 0x38, 0x8A, 0x0C, 0x18, 0x30, 0x62, 0xA2, 0x3A, 0xFA, 0x18, 0x61, 0xFA, 0x48, 0xA2,
    0x84, 0x7A, 0x18, 0x10, 0x30, 0x20, 0x61, 0x78, 0xFE, 0x20, 0x40, 0x81, 0x02, 0x04, 0x08, 0x10,
    0x86, 0x18, 0x61, 0x86, 0x18, 0x61, 0x78, 0x83, 0x05, 0x12, 0x24, 0x45, 0x0A, 0x08, 0x10, 0x88,
    0xC4, 0x62, 0x2A, 0xA5, 0x52, 0xA8, 0x88, 0x44, 0x22, 0x00, 0x82, 0x89, 0x11, 0x41, 0x05, 0x11,
    0x22, 0x82, 0x82, 0x89, 0x11, 0x42, 0x82, 0x04, 0x08, 0x10, 0xFC, 0x10, 0x84, 0x20, 0x84, 0x20,
    0xFC, 0xF2, 0x49, 0x24, 0x93, 0x80, 0x84, 0x10, 0x82, 0x10, 0x82, 0x10, 0x42, 0xE4, 0x92, 0x49,
    0x27, 0x80, 0x22, 0xA2, 0xF8, 0x90, 0x70, 0x5F, 0x18, 0xBC, 0x84, 0x21, 0xE8, 0xC6, 0x31, 0xF0,
    0x74, 0x61, 0x08, 0xB8, 0x08, 0x42, 0xF8, 0xC6, 0x31, 0x78, 0x74, 0x7F, 0x08, 0xB8, 0x34, 0x4F,
    0x44, 0x44, 0x40, 0x7C, 0x63, 0x18, 0xBC, 0x2E, 0x84, 0x21, 0x6C, 0xC6, 0x31, 0x88, 0x40, 0x64,
    0x92, 0xE0, 0x20, 0x72, 0x49, 0x27, 0x00, 0x84, 0x21, 0x1B, 0x62, 0x92, 0x88, 0xC9, 0x24, 0x92,
    0x60, 0xED, 0x26, 0x4C, 0x99, 0x32, 0x40, 0xB6, 0x63, 0x18, 0xC4, 0x74, 0x63, 0x18, 0xB8, 0xF4,
    0x63, 0x18, 0xFA, 0x10, 0x7C, 0x63, 0x18, 0xBC, 0x21, 0xBC, 0x88, 0x88, 0x74, 0x58, 0x28, 0xB8,
    0x44, 0x4F, 0x44, 0x44, 0x30, 0x8C, 0x63, 0x19, 0xB4, 0x8C, 0x54, 0xA2, 0x10, 0x93, 0x26, 0xAD,
    0x54, 0x48, 0x80, 0x8A, 0x88, 0x45, 0x44, 0x8C, 0x62, 0xA5, 0x10, 0x98, 0xF8, 0x88, 0x88, 0x7C,
    0x34, 0x44, 0x48, 0x44, 0x44, 0x30, 0xFF, 0xE0, 0xC2, 0x22, 0x21, 0x22, 0x22, 0xC0, 0x45, 0x44,
    0xF0, 0xFF, 0xE0, 0x6F, 0xF6, 0x4C, 0xB7, 0xB0, 0xDE, 0xD3, 0x20, 0xCC, 0xF3, 0x30, 0x8C, 0x80,
    0x69, 0x96, 0x25, 0x29, 0x22, 0x44, 0x80, 0x91, 0x22, 0x4A, 0x52, 0x00, 0x24, 0x94, 0x92, 0x92,
    0x49, 0x12, 0x48, 0x92, 0x40, 0x92, 0x44, 0x92, 0x24, 0x92, 0x52, 0x4A, 0x49, 0x00, 0xFF, 0xB9,
    0xCC, 0x63, 0x1C, 0xE7, 0xBE, 0xFB, 0xCE, 0x71, 0x8C, 0x67, 0x3B, 0xFE, 0xF0, 0xFF, 0xE0, 0x04,
    0x00, 0x80, 0x10, 0x02, 0x00, 0x7C, 0x08, 0x01, 0x00, 0x20, 0x04, 0x00, 0x83, 0xFF, 0x80, 0xFF,
    0xE0, 0x80, 0x10, 0x02, 0x00, 0x50, 0x09, 0x01, 0x10, 0x20, 0x04, 0x00, 0x80, 0x10, 0x00, 0xFF,
    0xE0, 0x40, 0x10, 0x06, 0x01, 0x50, 0x49, 0x31, 0x10, 0x21, 0x04, 0x00, 0x80, 0x10, 0x00, 0x10,
    0x03, 0xFC, 0x40, 0x10, 0x03, 0xFE, 0x00, 0x40, 0x0F, 0xF9, 0x00, 0x20, 0x04, 0x07, 0x00, 0xFF,
    0xE0, 0x80, 0x10, 0x23, 0xE4, 0x40, 0x88, 0x1F, 0xF8, 0x01, 0x00, 0x20, 0x04, 0x07, 0x00, 0x3F,
    0x84, 0x10, 0x82, 0x1F, 0xC2, 0x08, 0x41, 0x0F, 0xE1, 0x04, 0x20, 0x84, 0x13, 0xFF, 0x80, 0x24,
    0x84, 0x90, 0x92, 0x7F, 0xF2, 0x48, 0x49, 0x09, 0x21, 0x3C, 0x20, 0x04, 0x00, 0xFF, 0x80, 0x11,
    0x02, 0x20, 0x44, 0x08, 0x82, 0xA8, 0x55, 0x11, 0x12, 0x22, 0x88, 0x20, 0x03, 0xFF, 0x80, 0x08,
    0x1F, 0xFC, 0x40, 0x12, 0x04, 0x40, 0xFF, 0x81, 0x01, 0x24, 0x44, 0x50, 0x84, 0x70, 0x00, 0x10,
    0x42, 0x08, 0x82, 0x10, 0x44, 0x93, 0xE7, 0x88, 0x22, 0x08, 0xFB, 0xE0, 0x03, 0xFF, 0x80, 0x03,
    0xCF, 0x80, 0x10, 0x3F, 0xE0, 0x40, 0x08, 0x3F, 0xF8, 0x40, 0x11, 0x04, 0x11, 0xFD, 0x00, 0xFF,
    0xE2, 0x20, 0x44, 0x7F, 0xF9, 0x13, 0x22, 0x6A, 0xAE, 0x23, 0x80, 0x30, 0x06, 0x03, 0x80, 0x7F,
    0xE1, 0x21, 0x24, 0x94, 0xA0, 0x90, 0xFF, 0xD0, 0x02, 0x00, 0x40, 0x08, 0x02, 0x00, 0x00, 0x04,
    0x01, 0x40, 0x44, 0x10, 0x4C, 0x46, 0x08, 0x01, 0x00, 0x20, 0x04, 0x00, 0x80, 0x10, 0x00, 0x04,
    0x00, 0x83, 0xFF, 0xC2, 0x18, 0x43, 0x08, 0x7F, 0xF8, 0x20, 0x04, 0x00, 0x80, 0x10, 0x00, 0x22,
    0x04, 0x42, 0x8F, 0xD2, 0x8A, 0x89, 0x40, 0x2B, 0xFD, 0x49, 0xA9, 0x25, 0x24, 0xBF, 0x80, 0x44,
    0x04, 0x80, 0x10, 0x7F, 0xF0, 0x42, 0x0A, 0x42, 0x28, 0x45, 0x10, 0x24, 0x07, 0x03, 0x00, 0x08,
    0x00, 0x83, 0xFF, 0x82, 0x00, 0x40, 0x08, 0x1F, 0xF0, 0x20, 0x04, 0x00, 0x83, 0xFF, 0x80, 0x48,
    0x44, 0x93, 0xFF, 0x88, 0x82, 0x49, 0x88, 0xCF, 0xE0, 0x20, 0x7F, 0xC0, 0x80, 0x10, 0x00, 0x10,
    0x02, 0x00, 0x7C, 0x10, 0x84, 0x11, 0x04, 0x01, 0x00, 0x50, 0x11, 0x04, 0x13, 0x01, 0x80, 0x08,
    0x01, 0x00, 0x44, 0x08, 0x82, 0x20, 0x84, 0x21, 0x00, 0x42, 0x10, 0x44, 0x35, 0xF8, 0x80, 0x08,
    0x00, 0x83, 0xFF, 0x00, 0x40, 0x10, 0x04, 0x01, 0x00, 0x40, 0x30, 0x09, 0x82, 0x0F, 0x80, 0x03,
    0xCF, 0x80, 0x10, 0x22, 0x22, 0x48, 0x08, 0x3F, 0xF8, 0x20, 0x04, 0x00, 0x80, 0x70, 0x00, 0x20,
    0x07, 0xF9, 0x00, 0x40, 0x07, 0xF8, 0x02, 0x01, 0x80, 0xC0, 0x20, 0x08, 0x04, 0xFF, 0x80, 0x04,
    0x04, 0x80, 0x93, 0x13, 0xA3, 0xC5, 0xC8, 0x89, 0x31, 0x20, 0x20, 0x24, 0x04, 0x7F, 0x80, 0xFF,
    0xC0, 0x12, 0x04, 0x41, 0x08, 0x40, 0x10, 0x34, 0x31, 0x30, 0x70, 0x10, 0x18, 0xFF, 0xE0, 0x04,
    0x89, 0x09, 0x04, 0x20, 0x44, 0x3F, 0xF8, 0x20, 0x09, 0x06, 0x13, 0x01, 0x80, 0x0D, 0x0E, 0x20,
    0x44, 0x08, 0x8F, 0xD0, 0x22, 0x04, 0x43, 0xE8, 0x45, 0x28, 0xA5, 0xF3, 0x80, 0xFF, 0x80, 0x40,
    0x40, 0x40, 0x40, 0x20, 0x10, 0x08, 0x04, 0x02, 0x07, 0x00, 0x20, 0x07, 0xE1, 0x04, 0x3F, 0xE0,
    0x45, 0xFF, 0xC1, 0x13, 0xFE, 0x04, 0x00, 0x80, 0x70, 0x00, 0x04, 0x1F, 0xFC, 0x92, 0x12, 0x47,
    0xFC, 0x08, 0xBF, 0xF8, 0x22, 0x7F, 0xC0, 0x80, 0x70, 0x00, 0x7F, 0xC0, 0x80, 0x10, 0x02, 0x00,
    0x41, 0xFF, 0xC1, 0x00, 0x20, 0x04, 0x00, 0x80, 0x70, 0x00, 0x7F, 0xC0, 0x00, 0x00, 0x00, 0x0F,
    0xFE, 0x10, 0x02, 0x00, 0x84, 0x10, 0x84, 0x69, 0xF1, 0x00, 0x11, 0x02, 0x23, 0xFF, 0x88, 0x81,
    0x10, 0x22, 0x3F, 0xF8, 0x88, 0x11, 0x04, 0x23, 0x04, 0x00, 0x11, 0x0A, 0x25, 0x75, 0x28, 0xC5,
    0x12, 0xBA, 0x78, 0x38, 0x00, 0x3F, 0x80, 0x03, 0xFF, 0x80, 0x7F, 0x80, 0x20, 0x08, 0x7A, 0xF9,
    0x43, 0x29, 0x65, 0x17, 0xA5, 0x0D, 0x20, 0x03, 0xFF, 0x80, 0x08, 0x00, 0x83, 0xFF, 0x90, 0x02,
    0x00, 0x40, 0x08, 0x01, 0x00, 0x20, 0x04, 0x00, 0xFF, 0x00, 0x08, 0x00, 0x83, 0xFF, 0x80, 0x01,
    0xF0, 0x22, 0x04, 0x40, 0x88, 0x11, 0x24, 0x27, 0x07, 0x80, 0x04, 0x1F, 0xFC, 0x00, 0x08, 0x82,
    0x09, 0xA2, 0xC2, 0x80, 0x20, 0x0A, 0x06, 0x33, 0x01, 0x80, 0x04, 0x1F, 0xFC, 0x82, 0x1F, 0xC0,
    0x00, 0xFF, 0x00, 0x40, 0x30, 0xFF, 0xE0, 0x80, 0x70, 0x00, 0x04, 0x1F, 0xFC, 0x82, 0x1F, 0xC0,
    0x01, 0xFF, 0xE0, 0x08, 0xF8, 0x11, 0x04, 0x27, 0x07, 0x80, 0x04, 0x00, 0x80, 0x10, 0x02, 0x00,
    0xA0, 0x14, 0x04, 0x40, 0x88, 0x20, 0x88, 0x0A, 0x00, 0x80, 0x11, 0x02, 0x20, 0x84, 0x10, 0x86,
    0xFF, 0x42, 0x08, 0x41, 0x08, 0x21, 0x04, 0x20, 0x84, 0x00, 0x2F, 0xE5, 0x05, 0x20, 0xA4, 0x1C,
    0x44, 0x88, 0x91, 0x12, 0x14, 0x41, 0x08, 0x51, 0x31, 0x80, 0x11, 0x02, 0x20, 0x84, 0x10, 0x86,
    0x19, 0x42, 0x88, 0x49, 0x08, 0x21, 0x04, 0x20, 0x84, 0x00, 0x04, 0x01, 0x40, 0xC6, 0x60, 0x30,
    0x40, 0x04, 0x1F, 0xF0, 0x04, 0x01, 0x00, 0x40, 0x10, 0x00, 0x2F, 0xC4, 0x89, 0x11, 0x22, 0x4C,
    0x4E, 0x88, 0x51, 0x0A, 0x21, 0x48, 0x29, 0x05, 0x43, 0x00, 0x11, 0x02, 0x20, 0x44, 0x08, 0x81,
    0x10, 0x55, 0x0A, 0xA1, 0x54, 0x44, 0x48, 0x8A, 0x20, 0x80, 0x04, 0x01, 0x40, 0xC6, 0x60, 0x33,
    0xF8, 0x41, 0x08, 0x21, 0x1C, 0x20, 0x04, 0x04, 0x7F, 0x80, 0x21, 0x05, 0x21, 0x25, 0xA5, 0xDD,
    0xD2, 0x92, 0x52, 0x5A, 0x48, 0x48, 0x29, 0x05, 0x1F, 0x80, 0x22, 0x84, 0x49, 0x08, 0x21, 0xFD,
    0xE0, 0x84, 0x10, 0x82, 0x08, 0x41, 0x28, 0x15, 0x01, 0x80, 0x04, 0x01, 0x40, 0xC6, 0x60, 0x30,
    0x40, 0x04, 0x1F, 0xF0, 0x04, 0x19, 0x00, 0xC0, 0x06, 0x00, 0x01, 0x24, 0x48, 0x92, 0x24, 0x81,
    0x20, 0x49, 0x22, 0x88, 0xC5, 0x22, 0x23, 0x04, 0x29, 0xE4, 0x85, 0x00, 0xA4, 0x1C, 0x82, 0x90,
    0x52, 0x0A, 0x41, 0x48, 0x29, 0x05, 0x23, 0x80, 0x29, 0x05, 0x21, 0x3F, 0xA8, 0x8C, 0x10, 0x82,
    0x17, 0xFA, 0x08, 0x41, 0x08, 0x21, 0x04, 0x00, 0x21, 0x04, 0x51, 0x11, 0x2C, 0x1C, 0x44, 0x88,
    0x91, 0x12, 0x22, 0x44, 0x48, 0x89, 0x21, 0x00, 0x20, 0xC5, 0xE1, 0x04, 0x20, 0x8C, 0x10, 0xBF,
    0xD0, 0x42, 0x08, 0x41, 0x08, 0x21, 0x3F, 0x00, 0x24, 0x84, 0x91, 0x21, 0x24, 0x2D, 0x02, 0x9F,
    0x91, 0x12, 0x22, 0x48, 0x49, 0x09, 0x46, 0x00, 0x11, 0x42, 0x24, 0x84, 0x17, 0xF6, 0x11, 0x45,
    0x08, 0xA1, 0x14, 0x24, 0x44, 0x88, 0xA0, 0x80, 0x22, 0x84, 0x49, 0x08, 0x21, 0xFD, 0xE0, 0x84,
    0x90, 0xA2, 0x08, 0x41, 0x28, 0xD5, 0x61, 0x80, 0x22, 0x04, 0x41, 0x7F, 0xA1, 0x0C, 0x70, 0x8E,
    0x12, 0xA2, 0x54, 0x52, 0x4C, 0x45, 0x08, 0x00, 0x21, 0x04, 0x21, 0x24, 0xA4, 0x9D, 0x14, 0x82,
    0x10, 0x42, 0x14, 0x42, 0x88, 0x89, 0x60, 0x80, 0x04, 0x01, 0x40, 0xC6, 0x60, 0x33, 0xF8, 0x00,
    0x00, 0x07, 0xFF, 0x10, 0x04, 0x11, 0xFD, 0x00, 0x22, 0x04, 0x41, 0x7F, 0xA1, 0x0C, 0xFC, 0x84,
    0x17, 0xFA, 0x11, 0x42, 0x28, 0x59, 0x08, 0x00, 0x21, 0x05, 0xF9, 0x08, 0x21, 0x0D, 0xFE, 0x88,
    0x13, 0xF2, 0x02, 0x44, 0x88, 0x61, 0x02, 0x00, 0x24, 0x04, 0xFD, 0x20, 0x29, 0x0C, 0x20, 0x9F,
    0xD0, 0x8A, 0x11, 0x44, 0x28, 0x85, 0x23, 0x00, 0x21, 0x04, 0x21, 0x3F, 0xA4, 0x9C, 0x92, 0x9F,
    0xD2, 0x4A, 0x49, 0x4F, 0xE8, 0x21, 0x04, 0x00, 0x22, 0x45, 0x29, 0x25, 0x24, 0x2C, 0x84, 0x91,
    0x12, 0xA2, 0x6A, 0x49, 0x48, 0x45, 0x10, 0x80, 0x2F, 0xC5, 0x09, 0x21, 0x24, 0x2C, 0xFC, 0x90,
    0x92, 0x12, 0x42, 0x4F, 0xC8, 0x01, 0x7F, 0x80, 0x22, 0x04, 0x21, 0x7F, 0xA0, 0x0C, 0x84, 0x90,
    0x91, 0x12, 0x24, 0x44, 0x88, 0x21, 0x7F, 0x80, 0x20, 0xC5, 0xE1, 0x24, 0x24, 0x8C, 0x90, 0x9F,
    0xD2, 0x42, 0x44, 0x48, 0xA9, 0x4D, 0x34, 0x80, 0x22, 0x04, 0x21, 0x7F, 0xA0, 0x8C, 0x10, 0x82,
    0x13, 0xF2, 0x08, 0x41, 0x08, 0x21, 0x7F, 0x80, 0x22, 0x04, 0x41, 0x7F, 0xA1, 0x0C, 0x70, 0x95,
    0x12, 0xA2, 0x92, 0x6F, 0xA8, 0x41, 0x08, 0x00, 0x2F, 0xE4, 0x09, 0x01, 0x27, 0xAC, 0x94, 0x92,
    0x92, 0x52, 0x7A, 0x40, 0x48, 0x09, 0x07, 0x00, 0x0E, 0x02, 0x20, 0x82, 0x6F, 0xB0, 0x40, 0x08,
    0x1F, 0xF0, 0x20, 0x24, 0x98, 0x8C, 0x30, 0x00, 0x24, 0x04, 0x81, 0x1F, 0xA5, 0x0D, 0x20, 0x87,
    0xD0, 0x82, 0x10, 0x43, 0xE8, 0x41, 0x08, 0x00, 0x28, 0x05, 0xFD, 0x20, 0xA8, 0x9C, 0x10, 0x8A,
    0x91, 0x52, 0x49, 0x51, 0x28, 0x21, 0x0C, 0x00, 0x21, 0x05, 0xFD, 0x04, 0x27, 0xFC, 0x92, 0x92,
    0x53, 0xFA, 0x28, 0x42, 0x08, 0xA1, 0x63, 0x80, 0x24, 0x84, 0x91, 0x7F, 0xA2, 0x4C, 0x48, 0x89,
    0x17, 0xFA, 0x00, 0x44, 0x89, 0x09, 0x40, 0x80, 0x21, 0x04, 0x3D, 0x04, 0x27, 0xFC, 0x82, 0x92,
    0x52, 0x4A, 0x49, 0x42, 0x88, 0x89, 0x20, 0x80, 0x7E, 0x34, 0x56, 0xAA, 0xD5, 0x5A, 0xAB, 0x55,
    0x6A, 0xAD, 0x55, 0x88, 0x32, 0x86, 0x8B, 0x80, 0x2F, 0xE4, 0x21, 0x3F, 0xA4, 0x9C, 0xFE, 0x92,
    0x53, 0xFA, 0x28, 0x42, 0x08, 0xA1, 0x63, 0x80, 0x2F, 0xC5, 0x09, 0x21, 0x27, 0xEC, 0x10, 0x82,
    0x17, 0xFA, 0x1C, 0x45, 0x4B, 0x25, 0x04, 0x00, 0x22, 0x04, 0x21, 0x7F, 0xA0, 0x0C, 0xFC, 0x80,
    0x13, 0xF2, 0x00, 0x4F, 0xC9, 0x09, 0x3F, 0x00, 0x24, 0x04, 0xF9, 0x32, 0x29, 0x8D, 0xCE, 0xA2,
    0x15, 0x92, 0x8C, 0x56, 0x48, 0x31, 0x38, 0x00, 0x21, 0x05, 0xF9, 0x00, 0x24, 0x2C, 0x48, 0xBF,
    0xD0, 0x02, 0x7E, 0x48, 0x49, 0x09, 0x3F, 0x00, 0x3F, 0x24, 0x95, 0x22, 0xA9, 0x5D, 0xDA, 0x89,
    0x51, 0x2A, 0xF9, 0x44, 0x28, 0xE5, 0x63, 0x80, 0x27, 0xC4, 0x09, 0x7F, 0xAA, 0x0D, 0x7E, 0xB2,
    0x14, 0x42, 0xFF, 0x52, 0x88, 0x89, 0x20, 0x80, 0x21, 0x05, 0xFD, 0x04, 0x21, 0x4C, 0x44, 0xBF,
    0xD0, 0x12, 0x7A, 0x49, 0x49, 0xE9, 0x03, 0x00, 0x21, 0x05, 0xFD, 0x04, 0x27, 0xEC, 0x84, 0x9F,
    0x92, 0x12, 0x7E, 0x48, 0x49, 0x09, 0x7F, 0x80, 0x2E, 0xE5, 0x45, 0x28, 0xA7, 0x7C, 0x80, 0x9D,
    0xD2, 0x2A, 0x45, 0x4E, 0x49, 0x15, 0x24, 0x80, 0x29, 0x05, 0x21, 0x77, 0xA5, 0x2C, 0x94, 0x92,
    0x97, 0x52, 0xAA, 0x54, 0x8A, 0xA9, 0x78, 0x80, 0x22, 0x07, 0xFD, 0x21, 0x27, 0xEC, 0x00, 0xBF,
    0xD4, 0x0A, 0x7E, 0x41, 0x08, 0x21, 0x1C, 0x00, 0x23, 0x04, 0x91, 0x21, 0x2B, 0xDC, 0x00, 0xBD,
    0x54, 0xAA, 0xF5, 0x52, 0xAB, 0xC5, 0x49, 0x80, 0x20, 0x86, 0x7D, 0x22, 0xA0, 0x6C, 0x3E, 0xB1,
    0x12, 0x7A, 0x59, 0x49, 0xE9, 0xA5, 0x27, 0x80, 0x27, 0x85, 0x11, 0x7F, 0xA4, 0x9C, 0xFE, 0x8E,
    0x16, 0x6A, 0x36, 0x59, 0xA8, 0xD5, 0x66, 0x00, 0x3F, 0xE5, 0x29, 0x3F, 0x24, 0xAC, 0xFC, 0x80,
    0x17, 0xFA, 0x4A, 0x4F, 0xC9, 0x29, 0x7F, 0x80, 0x2A, 0x87, 0xF1, 0x2B, 0xA8, 0x9D, 0xEA, 0xC5,
    0x57, 0xAA, 0xB2, 0x5E, 0x48, 0x55, 0x34, 0x80, 0x11, 0x02, 0x20, 0x44, 0x08, 0x81, 0x10, 0x22,
    0x04, 0x41, 0x08, 0x21, 0x28, 0x26, 0x07, 0x80, 0x7F, 0xC0, 0x00, 0x00, 0x00, 0x0F, 0xFE, 0x22,
    0x04, 0x40, 0x88, 0x11, 0x24, 0x27, 0x07, 0x80, 0x04, 0x1F, 0xFC, 0x20, 0x08, 0x82, 0x08, 0xFF,
    0x84, 0x50, 0x88, 0x11, 0x04, 0x27, 0x07, 0x80, 0x04, 0x08, 0x88, 0x92, 0x0A, 0x80, 0x41, 0xFF,
    0xC4, 0x40, 0x88, 0x11, 0x24, 0x27, 0x07, 0x80, 0x20, 0x07, 0xE1, 0x04, 0x7F, 0xE4, 0x44, 0x88,
    0x9F, 0xF0, 0x50, 0x0A, 0x22, 0x47, 0x8F, 0x80, 0x10, 0x01, 0x00, 0x10, 0x02, 0x00, 0xA0, 0x14,
    0x04, 0x40, 0x88, 0x20, 0x88, 0x0A, 0x00, 0x80, 0x04, 0x01, 0x40, 0xC6, 0x60, 0x33, 0xF8, 0x08,
    0x01, 0x03, 0xFE, 0x04, 0x00, 0x83, 0xFF, 0x80, 0x11, 0x02, 0x20, 0x82, 0x10, 0x44, 0x05, 0x10,
    0x42, 0x00, 0x84, 0x10, 0x84, 0x69, 0xF1, 0x00, 0x11, 0x04, 0x11, 0x01, 0x5F, 0xD0, 0x80, 0x20,
    0x07, 0xE0, 0x04, 0x00, 0x80, 0x10, 0x1C, 0x00, 0x20, 0x82, 0x21, 0xFF, 0x02, 0x00, 0x40, 0x08,
    0x3F, 0xF8, 0x50, 0x11, 0x04, 0x13, 0x01, 0x80, 0x08, 0x48, 0x88, 0x92, 0x10, 0x40, 0x10, 0x00,
    0x3F, 0xF8, 0x00, 0x11, 0x04, 0x13, 0x01, 0x80, 0x01, 0x87, 0xC0, 0x80, 0x1F, 0xE2, 0x10, 0x42,
    0x08, 0x47, 0xFF, 0x00, 0x04, 0x13, 0x01, 0x80, 0x20, 0x9F, 0xFC, 0x82, 0x1F, 0xC2, 0x08, 0x7F,
    0x08, 0x27, 0xFF, 0x00, 0x04, 0x13, 0x01, 0x80, 0x3F, 0x84, 0x10, 0xFE, 0x10, 0x43, 0xF8, 0x41,
    0x0F, 0xE1, 0x04, 0xFF, 0xE4, 0x13, 0x01, 0x80, 0x20, 0x82, 0x21, 0xFF, 0x22, 0x27, 0xFC, 0x88,
    0xBF, 0xF8, 0x00, 0x7F, 0xC8, 0x09, 0xFF, 0x00, 0x04, 0x00, 0x83, 0xFF, 0xC2, 0x18, 0x43, 0x14,
    0x64, 0x4D, 0x05, 0x80, 0x30, 0x06, 0x03, 0x80, 0xFF, 0xE0, 0x81, 0xFF, 0x22, 0x27, 0xFC, 0x88,
    0x91, 0x17, 0xFF, 0x40, 0x48, 0x09, 0x07, 0x00, 0xFF, 0xF0, 0x06, 0xFE, 0xC0, 0x1B, 0xFA, 0x41,
    0x0F, 0xE1, 0x04, 0x3F, 0x84, 0x10, 0xFE, 0x00, 0xFF, 0xF0, 0x06, 0x20, 0xBF, 0xE1, 0x00, 0x48,
    0x1F, 0xF0, 0x20, 0xFF, 0xE0, 0x80, 0x10, 0x00, 0x81, 0x08, 0x21, 0x7F, 0x88, 0x91, 0x12, 0x22,
    0x57, 0xFA, 0x08, 0x41, 0x10, 0x22, 0x04, 0x00, 0x81, 0x08, 0x51, 0x11, 0x0C, 0x10, 0x10, 0x01,
    0x13, 0xFA, 0x02, 0x44, 0x90, 0x62, 0x03, 0x00, 0x82, 0x0B, 0xFD, 0x10, 0x04, 0x81, 0x10, 0x3F,
    0xD0, 0x42, 0x4A, 0x49, 0x32, 0x26, 0x0C, 0x00, 0x88, 0x09, 0xF1, 0x42, 0x0F, 0xE0, 0x24, 0x7F,
    0xD0, 0x92, 0xFE, 0x42, 0x10, 0x42, 0x38, 0x00, 0x85, 0x08, 0x91, 0x3F, 0x8C, 0x40, 0xFE, 0x11,
    0x12, 0x22, 0x7F, 0x48, 0x91, 0x12, 0x3F, 0x80, 0x80, 0xA8, 0x15, 0x3F, 0x84, 0x40, 0xEA, 0x11,
    0x53, 0xAA, 0x52, 0x4E, 0x51, 0x16, 0x4C, 0x80, 0x93, 0xEB, 0x85, 0x45, 0x0E, 0x40, 0x3E, 0x39,
    0x4A, 0x22, 0xF7, 0x4A, 0x92, 0xB2, 0x91, 0x80, 0x3F, 0x04, 0x20, 0x84, 0x10, 0x82, 0x10, 0x42,
    0x08, 0x41, 0x08, 0x41, 0x28, 0x26, 0x07, 0x80, 0x20, 0x82, 0x22, 0x44, 0xC5, 0x18, 0x43, 0x14,
    0x64, 0x4C, 0x89, 0xA0, 0xB0, 0x07, 0xFF, 0x80, 0xF1, 0xF2, 0x26, 0x44, 0xC8, 0x99, 0x13, 0x3E,
    0x60, 0x0C, 0x01, 0x80, 0x30, 0x07, 0xFF, 0x80, 0x04, 0x08, 0x89, 0x11, 0x22, 0x27, 0xFC, 0x08,
    0x01, 0x04, 0x21, 0x84, 0x30, 0x87, 0xFF, 0x80, 0x04, 0x00, 0x81, 0xFF, 0x02, 0x00, 0x41, 0xFF,
    0xC1, 0x02, 0x22, 0x44, 0x48, 0x89, 0xFF, 0x00, 0x7F, 0xE1, 0x04, 0x20, 0x84, 0x10, 0x82, 0x10,
    0x42, 0x08, 0x81, 0x10, 0x24, 0x07, 0x07, 0x00, 0x7F, 0xE0, 0x84, 0x10, 0x92, 0x12, 0x42, 0x48,
    0x52, 0x08, 0x41, 0x10, 0x24, 0x07, 0x07, 0x00, 0x11, 0x02, 0x20, 0x82, 0x10, 0x44, 0x05, 0x7F,
    0x42, 0x20, 0x44, 0x10, 0x84, 0x13, 0x0C, 0x00, 0x4F, 0xE8, 0x45, 0x08, 0xB9, 0x1C, 0x22, 0x84,
    0x50, 0x8A, 0x91, 0x64, 0x28, 0x84, 0x23, 0x00, 0xFE, 0x30, 0x56, 0x4A, 0xC9, 0x59, 0x2B, 0x25,
    0x64, 0xAC, 0x95, 0x28, 0x28, 0x86, 0x0B, 0x80, 0xFE, 0x30, 0x56, 0x0A, 0xE3, 0x5A, 0xAB, 0x25,
    0x6A, 0xAE, 0x35, 0x82, 0x30, 0x46, 0x1B, 0x80, 0x92, 0x2A, 0x94, 0x42, 0xFF, 0x51, 0x0A, 0x21,
    0x7F, 0xA8, 0x85, 0x10, 0x24, 0x07, 0x03, 0x80, 0x0C, 0x2E, 0x04, 0x44, 0x88, 0x9F, 0xD2, 0x22,
    0x4C, 0x49, 0xC9, 0x54, 0x32, 0x04, 0x43, 0x80, 0xFC, 0x30, 0xA6, 0x14, 0xFE, 0x92, 0x13, 0xFA,
    0x49, 0x49, 0x29, 0x44, 0x28, 0x86, 0x63, 0x80, 0x0C, 0x2E, 0x14, 0x42, 0x88, 0x5F, 0xEA, 0x21,
    0x44, 0x2B, 0xE5, 0x44, 0x28, 0x85, 0xF3, 0x80, 0xFE, 0x22, 0x14, 0x82, 0xA2, 0x5F, 0xAA, 0x21,
    0x44, 0x2F, 0xF5, 0x10, 0x23, 0xC7, 0x83, 0x80, 0x50, 0x2F, 0xD6, 0x42, 0x88, 0x5F, 0xEA, 0x21,
    0x7F, 0xAC, 0x95, 0x92, 0x32, 0xC4, 0x43, 0x80, 0x10, 0x3F, 0xD4, 0x42, 0xFF, 0x59, 0x2B, 0x25,
    0x65, 0xA9, 0xC5, 0x54, 0x32, 0x44, 0x43, 0x80, 0x10, 0x3F, 0xD5, 0x12, 0x94, 0x51, 0x0A, 0x51,
    0x71, 0xAA, 0x25, 0x44, 0x28, 0x86, 0x13, 0x80, 0x20, 0x82, 0x23, 0xFF, 0x80, 0x07, 0xD4, 0x8A,
    0x9F, 0x52, 0x2A, 0x7D, 0x48, 0x89, 0x33, 0x00, 0x10, 0x25, 0x15, 0x12, 0xC1, 0x57, 0xCA, 0x05,
    0x68, 0xAA, 0xA5, 0x54, 0x21, 0xC7, 0xC3, 0x80, 0x0C, 0x2E, 0x14, 0x42, 0xFF, 0x55, 0x4B, 0xAD,
    0x55, 0x2E, 0xB5, 0x38, 0x2A, 0x86, 0x4B, 0x80, 0x10, 0x3F, 0xD6, 0x4A, 0xBE, 0x51, 0x0A, 0xF9,
    0x44, 0x2F, 0xF5, 0x44, 0x28, 0x85, 0xF3, 0x80, 0x78, 0x89, 0x7D, 0xE5, 0x23, 0xF7, 0x89, 0x57,
    0xCE, 0x20, 0x00, 0x7F, 0xE1, 0x07, 0xC3, 0x80, 0x04, 0x00, 0x81, 0xFF, 0x82, 0x10, 0x42, 0x08,
    0x42, 0x08, 0x41, 0x10, 0x24, 0x07, 0x07, 0x00, 0x02, 0x1E, 0x40, 0xBF, 0x91, 0x12, 0x22, 0x44,
    0x48, 0x89, 0x91, 0xC4, 0x20, 0x84, 0x23, 0x00, 0x20, 0x04, 0x3F, 0xF4, 0x92, 0x92, 0x52, 0x4A,
    0x49, 0x49, 0x29, 0x45, 0x28, 0xA6, 0x67, 0x80, 0x01, 0x0F, 0x20, 0x1F, 0x80, 0x9F, 0x92, 0x42,
    0x50, 0x4A, 0x49, 0x9A, 0x3D, 0x44, 0x13, 0x00, 0x21, 0x04, 0x23, 0xEF, 0x90, 0x92, 0x13, 0xFA,
    0x48, 0x4A, 0x49, 0x4A, 0x33, 0x47, 0x93, 0x00, 0xF9, 0x01, 0x20, 0x5F, 0x90, 0x9D, 0x92, 0x02,
    0x7E, 0x49, 0x09, 0x22, 0x27, 0x47, 0x13, 0x00, 0x11, 0x1F, 0xFC, 0x44, 0x7F, 0xF8, 0x02, 0x10,
    0x1F, 0xF0, 0x42, 0x10, 0x44, 0x0B, 0x06, 0x00, 0x20, 0x07, 0xF9, 0x01, 0x5F, 0x22, 0x24, 0x44,
    0x8F, 0x91, 0x0E, 0x20, 0x04, 0x04, 0x7F, 0x80, 0x22, 0x04, 0x41, 0x09, 0x21, 0x4C, 0x30, 0x8C,
    0x16, 0x82, 0x10, 0x42, 0x28, 0x45, 0x07, 0x80, 0x12, 0x02, 0x40, 0x48, 0xF9, 0x21, 0x38, 0x24,
    0x04, 0x81, 0x90, 0xD2, 0x22, 0x44, 0x47, 0x80, 0xFF, 0xF0, 0x02, 0x41, 0x44, 0x48, 0x51, 0x04,
    0x21, 0x44, 0x44, 0x90, 0x50, 0x03, 0xFF, 0x80, 0xFF, 0xF2, 0x02, 0x7F, 0x51, 0x08, 0x21, 0x7F,
    0xE1, 0x44, 0x44, 0xB0, 0x70, 0x03, 0xFF, 0x80, 0xFF, 0xF1, 0x12, 0xFF, 0xC4, 0x48, 0x41, 0x7F,
    0xE2, 0x04, 0xFE, 0xA8, 0x51, 0x0B, 0xFF, 0x80, 0x0C, 0x8E, 0x10, 0x42, 0x08, 0x41, 0x09, 0xFF,
    0xC4, 0x20, 0x84, 0x10, 0x84, 0x13, 0x02, 0x00, 0x04, 0x08, 0x88, 0x92, 0x02, 0x07, 0xFC, 0x08,
    0x01, 0x07, 0xFF, 0x04, 0x00, 0x80, 0x10, 0x00, 0x04, 0x00, 0xFC, 0x10, 0x3F, 0xE4, 0x04, 0xFF,
    0x90, 0x13, 0xFE, 0x04, 0x1F, 0xFC, 0x10, 0x00, 0x04, 0x1F, 0xFC, 0x10, 0x7F, 0xF9, 0x13, 0x14,
    0x6F, 0xEC, 0x21, 0xBF, 0xB0, 0x86, 0x13, 0x80, 0x08, 0x02, 0x00, 0xFC, 0x20, 0x08, 0x02, 0x0F,
    0xFA, 0x02, 0x80, 0xA0, 0x2F, 0xF8, 0x7F, 0xC1, 0x08, 0x21, 0x04, 0x20, 0x84, 0x10, 0x82, 0x70,
    0x40, 0x08, 0x01, 0x03, 0xFF, 0x80, 0x18, 0x1C, 0x7E, 0x08, 0xC1, 0x1F, 0xA3, 0x04, 0x60, 0x8C,
    0xD1, 0xE2, 0xE0, 0x40, 0x08, 0x00, 0x10, 0x03, 0xE0, 0x84, 0x3F, 0xFA, 0x00, 0x5F, 0x0A, 0x21,
    0x4C, 0x48, 0x09, 0x06, 0x1F, 0x80, 0xFB, 0xF1, 0x46, 0x28, 0xFD, 0x18, 0xA3, 0x14, 0x7E, 0x8C,
    0x91, 0x92, 0x35, 0x5F, 0x28, 0x00, 0x10, 0x02, 0x3D, 0xF4, 0x88, 0x91, 0x13, 0xFA, 0x48, 0x4A,
    0x49, 0x49, 0x72, 0xA3, 0x94, 0x00, 0x24, 0x82, 0xA1, 0xFF, 0x04, 0x0F, 0xFE, 0x22, 0x0F, 0xE7,
    0x0B, 0x27, 0x04, 0x08, 0x7F, 0x00, 0x7F, 0xE8, 0x01, 0x00, 0x2F, 0xF4, 0x10, 0x82, 0x10, 0x42,
    0x08, 0x41, 0x08, 0x22, 0x1C, 0x00, 0x7F, 0xE8, 0x01, 0x08, 0x21, 0x05, 0xFE, 0x84, 0x50, 0x8A,
    0x21, 0x44, 0x29, 0x06, 0xC3, 0x00, 0x7F, 0xE8, 0x01, 0x08, 0x21, 0x04, 0x20, 0xBF, 0x90, 0x82,
    0x14, 0x42, 0x48, 0x42, 0xFF, 0x80, 0x7F, 0xEA, 0x09, 0x7F, 0x28, 0x25, 0xFC, 0x80, 0x17, 0xF2,
    0x04, 0x7F, 0xE8, 0x22, 0x1C, 0x00, 0x7F, 0xE8, 0x41, 0x7F, 0x28, 0x25, 0xFC, 0xA0, 0x97, 0xF2,
    0x10, 0x52, 0x4A, 0x46, 0x98, 0x80, 0x04, 0x00, 0x81, 0xFF, 0x02, 0x00, 0x41, 0xFF, 0xC2, 0x00,
    0x84, 0x10, 0x84, 0x69, 0xF1, 0x00, 0x10, 0x04, 0x11, 0xFD, 0x04, 0x0F, 0xFE, 0x22, 0x0B, 0x26,
    0x1B, 0x3C, 0x00, 0x31, 0xF8, 0x00, 0x7F, 0xC8, 0x09, 0x01, 0x10, 0x42, 0x08, 0x22, 0x02, 0x80,
    0x20, 0x0A, 0x06, 0x33, 0x01, 0x80, 0xFF, 0x84, 0x10, 0x84, 0x11, 0x02, 0x3C, 0x60, 0x8A, 0x21,
    0x28, 0x42, 0x09, 0xB2, 0xC1, 0x80, 0x08, 0x01, 0x03, 0xFF, 0x88, 0x01, 0x00, 0x3F, 0x8A, 0x11,
    0x24, 0x43, 0x09, 0x92, 0xC1, 0x80, 0xFB, 0xE1, 0x46, 0x28, 0xC5, 0x18, 0xA3, 0x14, 0x54, 0x52,
    0x8A, 0x20, 0x8A, 0x2A, 0x28, 0x80, 0x03, 0xCF, 0x81, 0x00, 0x20, 0x07, 0xFC, 0xA0, 0x92, 0x22,
    0x28, 0x42, 0x09, 0xB2, 0xC1, 0x80, 0x49, 0x09, 0x12, 0x20, 0x7F, 0xF1, 0x00, 0x3F, 0x0A, 0x21,
    0x28, 0x42, 0x09, 0xB2, 0xC1, 0x80, 0xFC, 0x09, 0x7D, 0xE8, 0xA5, 0x14, 0xA2, 0xF4, 0x52, 0x52,
    0x4A, 0x5C, 0x9D, 0x28, 0x28, 0x80, 0x01, 0xCF, 0xC0, 0x91, 0x09, 0x4F, 0xFF, 0x00, 0x6F, 0xE9,
    0x04, 0x11, 0x01, 0xC3, 0xC7, 0x80, 0x04, 0x1F, 0xFC, 0x44, 0x28, 0xA9, 0x12, 0x22, 0x1F, 0xF1,
    0x04, 0x11, 0x01, 0xC3, 0xC7, 0x80, 0xA8, 0x6E, 0x70, 0x88, 0x7D, 0x02, 0x3E, 0x44, 0x7E, 0x89,
    0x1A, 0x22, 0x88, 0xAA, 0x18, 0x80, 0xFF, 0xC0, 0x60, 0x30, 0x18, 0x0C, 0x06, 0x03, 0x01, 0xFF,
    0x80, 0x04, 0x00, 0x83, 0xFF, 0x82, 0x00, 0x40, 0x08, 0x1F, 0xF2, 0x02, 0x40, 0x48, 0x09, 0xFF,
    0x00, 0x7F, 0xC8, 0x09, 0x01, 0x3F, 0xE0, 0x81, 0xFF, 0xC2, 0x08, 0x41, 0x10, 0x24, 0x07, 0x07,
    0x00, 0x7F, 0xC8, 0x09, 0x01, 0x20, 0x24, 0x04, 0xFF, 0x80, 0x00, 0x00, 0x20, 0x88, 0x0A, 0x00,
    0x80, 0x00, 0x3E, 0x46, 0x48, 0xC9, 0x19, 0x23, 0x24, 0x64, 0x8C, 0x97, 0xF3, 0x20, 0x04, 0x00,
    0x80, 0xFF, 0xE0, 0x08, 0x01, 0x1F, 0x22, 0x24, 0x44, 0x88, 0x91, 0xF2, 0x00, 0x40, 0x08, 0x07,
    0x00, 0x08, 0x02, 0x00, 0x82, 0x20, 0x2F, 0xFA, 0x00, 0x5F, 0xF2, 0x02, 0x40, 0x48, 0x09, 0xFF,
    0x00, 0x08, 0x01, 0x03, 0xFF, 0x88, 0x01, 0x00, 0x40, 0x0F, 0xF3, 0x02, 0xA0, 0x44, 0x08, 0xFF,
    0x00, 0x01, 0x1E, 0x22, 0x44, 0x48, 0x89, 0xFF, 0x22, 0x24, 0x44, 0x88, 0xF1, 0x00, 0x20, 0x04,
    0x00, 0x04, 0x1C, 0xFE, 0xA0, 0x58, 0x0A, 0xFD, 0x41, 0x28, 0x45, 0x10, 0xE4, 0x01, 0x04, 0x1F,
    0x80, 0x04, 0x01, 0x40, 0xC6, 0x60, 0x33, 0xF8, 0x00, 0x1F, 0xF2, 0x02, 0x40, 0x48, 0x09, 0xFF,
    0x00, 0xFF, 0xF0, 0x06, 0xFE, 0xC0, 0x19, 0xF3, 0x22, 0x64, 0x4C, 0x89, 0x9F, 0x30, 0x06, 0x03,
    0x80, 0x08, 0x01, 0xF8, 0x41, 0x34, 0x40, 0x50, 0x04, 0x07, 0xFF, 0x81, 0x10, 0x22, 0x04, 0x7F,
    0x80, 0x03, 0xCF, 0x81, 0x00, 0x20, 0x07, 0xFE, 0x80, 0x17, 0xF2, 0x82, 0x50, 0x4A, 0x0A, 0x7F,
    0x00, 0x08, 0x02, 0x03, 0xFF, 0xC0, 0x19, 0xF3, 0x22, 0x64, 0x4C, 0x89, 0x9F, 0x30, 0x06, 0x03,
    0x80, 0x0F, 0xFE, 0x22, 0x44, 0x48, 0x89, 0x19, 0x22, 0xA4, 0x4C, 0x88, 0xF1, 0x00, 0x20, 0x04,
    0x00, 0x0F, 0xDC, 0x0A, 0x91, 0x52, 0x2A, 0x45, 0x4F, 0xE8, 0x0D, 0x01, 0xEF, 0xA0, 0x04, 0x07,
    0x00, 0x7F, 0xC0, 0x80, 0x10, 0x7F, 0xF1, 0x10, 0x41, 0x1F, 0xF5, 0x05, 0x20, 0x84, 0x10, 0xFE,
    0x00, 0xFF, 0xE0, 0x40, 0x30, 0x1A, 0xCC, 0x46, 0x08, 0x00, 0x03, 0xFE, 0x40, 0x48, 0x09, 0xFF,
    0x00, 0x00, 0xDD, 0xE2, 0xA0, 0x54, 0x0A, 0xFF, 0x51, 0x2A, 0x25, 0x44, 0xE8, 0x81, 0x10, 0x42,
    0x00, 0x02, 0x07, 0xFC, 0x80, 0x90, 0x13, 0xFE, 0x40, 0x0F, 0xF9, 0x81, 0x50, 0x2A, 0x06, 0x7F,
    0x80, 0x01, 0x1C, 0x22, 0xFF, 0xD0, 0x8A, 0x11, 0x5F, 0xAA, 0x15, 0x42, 0xE4, 0x80, 0x60, 0x73,
    0x80, 0x0F, 0xDC, 0x8A, 0x91, 0x52, 0x4A, 0x4F, 0x48, 0x69, 0x8D, 0x2A, 0xE8, 0x81, 0x28, 0x58,
    0x80, 0x1E, 0x9C, 0x52, 0x92, 0x52, 0x4A, 0x49, 0x4D, 0x2F, 0x25, 0x24, 0xE4, 0xA0, 0x94, 0x73,
    0x80, 0x7F, 0xC8, 0x09, 0x01, 0x3F, 0xE0, 0x40, 0x08, 0x3F, 0xF8, 0xA8, 0x24, 0x98, 0x8C, 0x10,
    0x00, 0x3F, 0x84, 0x10, 0xFE, 0x00, 0x07, 0xFC, 0x80, 0x91, 0x12, 0x22, 0x0A, 0x06, 0x33, 0x01,
    0x80, 0x0F, 0xFD, 0x06, 0xA0, 0xD7, 0xFA, 0x81, 0x54, 0x2A, 0x9D, 0x5C, 0xEA, 0x01, 0x44, 0x47,
    0x80, 0x3F, 0xE4, 0x44, 0xBE, 0x91, 0x12, 0xFA, 0x40, 0x4B, 0xE9, 0x45, 0x4F, 0xA8, 0x06, 0x03,
    0x80, 0x01, 0x1C, 0x22, 0xBF, 0x50, 0x8A, 0x11, 0x7F, 0xE8, 0x45, 0x1C, 0xE5, 0x43, 0x24, 0x04,
    0x00, 0x00, 0xFD, 0xE2, 0x84, 0x54, 0x9A, 0x55, 0x42, 0x2B, 0xFD, 0x08, 0xE1, 0x00, 0x20, 0x1C,
    0x00, 0x04, 0x01, 0x40, 0xC6, 0x6F, 0xB0, 0x00, 0xF7, 0x92, 0x92, 0x52, 0x4A, 0x4F, 0x58, 0x08,
    0x00, 0x08, 0x1D, 0xFA, 0xC1, 0x57, 0xAA, 0x95, 0x52, 0xAB, 0xD5, 0x46, 0xE8, 0x01, 0x04, 0x1F,
    0x80, 0x0C, 0x0E, 0x3C, 0x44, 0x88, 0x9F, 0xD2, 0x22, 0x4C, 0x4A, 0xC9, 0x95, 0x22, 0x3C, 0x40,
    0x00, 0x7B, 0xC9, 0x49, 0x29, 0x3D, 0xE0, 0x00, 0x3E, 0x04, 0x40, 0x88, 0x11, 0x24, 0x27, 0x07,
    0x80, 0x04, 0x1C, 0xFA, 0xA1, 0x5A, 0x4A, 0x31, 0x49, 0x2E, 0x1D, 0x7E, 0xE8, 0x41, 0x08, 0x3F,
    0x00, 0x01, 0x1D, 0xFE, 0x88, 0x52, 0x2A, 0xF9, 0x42, 0x28, 0x8D, 0x62, 0xE0, 0x80, 0x68, 0x30,
    0x80, 0x0F, 0xFD, 0x06, 0xA4, 0xD4, 0x9A, 0xFF, 0x52, 0x6A, 0xAD, 0x55, 0xEC, 0x61, 0x04, 0x3F,
    0x80, 0x04, 0x1F, 0xFC, 0x00, 0x1F, 0xC2, 0x08, 0x41, 0x0F, 0xE0, 0x91, 0xE1, 0x45, 0x90, 0xC1,
    0x80, 0x3F, 0x84, 0x10, 0x82, 0x10, 0x43, 0xF8, 0x00, 0x3E, 0xFC, 0x51, 0x8A, 0x31, 0x47, 0xEF,
    0x80, 0x01, 0x1C, 0x42, 0xBF, 0xD4, 0x1A, 0xBB, 0x55, 0x6A, 0xAD, 0x55, 0xEB, 0xA1, 0x04, 0x21,
    0x80, 0x09, 0x3C, 0xAA, 0x84, 0x57, 0xFA, 0x83, 0x5F, 0xEA, 0x0D, 0x7F, 0xE8, 0x21, 0x04, 0x21,
    0x80, 0x7B, 0xC9, 0x49, 0x29, 0x3D, 0xE0, 0x48, 0x08, 0xBF, 0xF8, 0x20, 0x0A, 0x06, 0x33, 0x01,
    0x80, 0x02, 0x3D, 0xEA, 0x8A, 0x5F, 0xFA, 0x21, 0x4F, 0x2E, 0x25, 0x08, 0xEF, 0xE0, 0x20, 0x0C,
    0x00, 0x05, 0x1C, 0x92, 0xBF, 0xDC, 0x4A, 0xFF, 0x51, 0x2A, 0x25, 0x7F, 0xE8, 0x81, 0x10, 0x3F,
    0x80, 0x01, 0x1D, 0x3A, 0xA4, 0x5F, 0xFA, 0x01, 0x5F, 0xAA, 0x15, 0x7E, 0xE8, 0x41, 0xF8, 0x21,
    0x00, 0x04, 0x1F, 0xFC, 0x82, 0x08, 0x8F, 0xFF, 0x22, 0x68, 0x2E, 0xFB, 0x91, 0x33, 0xE6, 0x01,
    0x80, 0x04, 0x5C, 0x92, 0xFF, 0xD2, 0x9A, 0x53, 0x4A, 0x69, 0xFD, 0xE9, 0xA5, 0x3C, 0xA4, 0x37,
    0x80, 0x01, 0x1D, 0xFE, 0x84, 0xDF, 0xFA, 0x13, 0x5F, 0xE8, 0x45, 0x5D, 0xED, 0x61, 0x24, 0x44,
    0x80, 0x01, 0x1D, 0xFE, 0x84, 0x57, 0xFA, 0xAB, 0x52, 0x6B, 0xFD, 0x49, 0xEF, 0xE1, 0x24, 0x25,
    0x80, 0x11, 0x1F, 0xFC, 0x10, 0x3F, 0xE0, 0x41, 0xFF, 0xC9, 0x27, 0xFF, 0x40, 0x48, 0x09, 0xFF,
    0x00, 0x04, 0x1F, 0xFC, 0x10, 0x3F, 0xE2, 0x08, 0x7F, 0x04, 0x47, 0xFF, 0x20, 0x84, 0x10, 0xFE,
    0x00, 0x0F, 0xDD, 0x0A, 0xBF, 0x54, 0x2A, 0xFD, 0x48, 0x2B, 0xFD, 0x89, 0xEA, 0xA1, 0xF4, 0x01,
    0x80, 0x01, 0x1D, 0xFE, 0xA0, 0xD3, 0xEA, 0x01, 0x4F, 0xA9, 0x15, 0x3A, 0xE5, 0xC0, 0x00, 0x3F,
    0x80, 0x0B, 0xDD, 0x0A, 0xC8, 0xD2, 0x5A, 0xF9, 0x40, 0x2F, 0xFD, 0x55, 0xE6, 0x61, 0x54, 0x5D,
    0x80, 0x09, 0x1F, 0xE2, 0xA7, 0xDF, 0x9A, 0xAB, 0x55, 0x2F, 0xA5, 0x44, 0xFD, 0x45, 0x28, 0x28,
    0x80, 0x02, 0x9D, 0xFE, 0x8A, 0x57, 0xFA, 0xAB, 0x5F, 0xEA, 0xAD, 0x7F, 0xE4, 0x40, 0x88, 0x1F,
    0x00, 0x1F, 0xFC, 0x42, 0xBF, 0x54, 0x2A, 0xFD, 0x50, 0xAA, 0x15, 0xFF, 0xA8, 0x9C, 0xE4, 0x63,
    0x80, 0x7B, 0xC9, 0x49, 0x29, 0x3D, 0xE0, 0x51, 0xFF, 0xC8, 0x27, 0xDF, 0x4A, 0x49, 0x49, 0xEF,
    0x00, 0x07, 0xDC, 0x8A, 0x9F, 0x57, 0x7A, 0xAB, 0x5D, 0xE8, 0x45, 0x7F, 0xE3, 0x80, 0xA8, 0x24,
    0x80, 0x08, 0x9D, 0xDE, 0xD5, 0x50, 0x0A, 0xFF, 0x42, 0x29, 0x55, 0x2A, 0xEB, 0xA0, 0x20, 0x3F,
    0x80, 0x7B, 0xC9, 0x4B, 0xFF, 0x82, 0x07, 0xFC, 0x88, 0x86, 0xC7, 0x07, 0x7B, 0xC9, 0x49, 0xEF,
    0x00, 0xFF, 0xF2, 0x26, 0x44, 0xC8, 0x99, 0x13, 0x22, 0x68, 0x7E, 0x01, 0x80, 0x30, 0x07, 0xFF,
    0x80, 0xFF, 0xF0, 0x06, 0x00, 0xCF, 0x99, 0x13, 0x22, 0x64, 0x4C, 0xF9, 0x80, 0x30, 0x07, 0xFF,
    0x80, 0xFF, 0xF0, 0x86, 0xFE, 0xC2, 0x1A, 0x4B, 0x49, 0x6F, 0xEC, 0x21, 0x84, 0xB0, 0x77, 0xFF,
    0x80, 0xFF, 0xF0, 0x06, 0x7C, 0xC0, 0x1B, 0xFB, 0x14, 0x62, 0x8C, 0x95, 0xA3, 0xB0, 0x07, 0xFF,
    0x80, 0xFF, 0xF0, 0x86, 0xFE, 0xC2, 0x19, 0xF3, 0x08, 0x6F, 0xEC, 0x25, 0x85, 0xB0, 0x87, 0xFF,
    0x80, 0xFF, 0xF0, 0x86, 0x10, 0xDF, 0xD8, 0x43, 0x3E, 0x64, 0x4C, 0x89, 0x9F, 0x30, 0x07, 0xFF,
    0x80, 0xFF, 0xF1, 0x06, 0x3C, 0xD8, 0x98, 0xE3, 0xE3, 0xE3, 0x0C, 0x19, 0x98, 0x30, 0xC7, 0xFF,
    0x80, 0x04, 0x00, 0x80, 0x10, 0x02, 0x07, 0xFC, 0x08, 0x01, 0x00, 0x20, 0x04, 0x00, 0x83, 0xFF,
    0x80, 0x08, 0x01, 0x03, 0xFF, 0x88, 0x01, 0x10, 0x42, 0x1B, 0xFD, 0x08, 0x21, 0x04, 0x20, 0xBF,
    0x80, 0x41, 0x09, 0x21, 0x25, 0xF5, 0xD5, 0xD2, 0x92, 0x52, 0x5B, 0x48, 0xC8, 0x21, 0x04, 0x1F,
    0x80, 0x4F, 0xC8, 0x11, 0x04, 0x71, 0x04, 0xFE, 0x85, 0x51, 0x2B, 0x49, 0xC1, 0x20, 0x44, 0x13,
    0x00, 0x41, 0x08, 0x21, 0x04, 0x74, 0x84, 0x9E, 0x92, 0x12, 0x43, 0x48, 0xC9, 0x01, 0x20, 0x7F,
    0x80, 0x44, 0x08, 0xFD, 0x20, 0xF8, 0x14, 0x62, 0x82, 0x50, 0x0B, 0x05, 0xC3, 0x21, 0x84, 0x03,
    0x00, 0x42, 0x08, 0x21, 0x7F, 0xF2, 0x04, 0x40, 0x8F, 0x91, 0x13, 0x22, 0xC8, 0x41, 0x08, 0x46,
    0x00, 0x2F, 0xE4, 0x10, 0x84, 0x78, 0x82, 0x34, 0x4A, 0x4A, 0x49, 0x88, 0xC1, 0x00, 0x20, 0x04,
    0x00, 0x04, 0x04, 0x90, 0x92, 0x12, 0x45, 0x55, 0x1C, 0x41, 0x03, 0xFE, 0x04, 0x00, 0x83, 0xFF,
    0x80, 0x42, 0x08, 0x21, 0x7F, 0xF0, 0x04, 0x78, 0x89, 0x11, 0x23, 0x24, 0xC4, 0xA1, 0x14, 0x43,
    0x80, 0x42, 0x08, 0x41, 0x3F, 0x71, 0x24, 0x24, 0x84, 0x97, 0xFB, 0x10, 0xC5, 0x01, 0x10, 0xC1,
    0x80, 0x17, 0xF2, 0x86, 0x49, 0x48, 0xC9, 0x66, 0x20, 0x01, 0x03, 0xFE, 0x04, 0x00, 0x83, 0xFF,
    0x80, 0xF1, 0x12, 0x22, 0x84, 0x49, 0x49, 0x29, 0xC8, 0xA2, 0x08, 0x20, 0x7F, 0xC0, 0x83, 0xFF,
    0x80, 0xFE, 0x24, 0x94, 0x92, 0xFF, 0x52, 0x4A, 0x88, 0x60, 0x18, 0x20, 0x7F, 0xC0, 0x83, 0xFF,
    0x80, 0x08, 0x02, 0x20, 0x82, 0x3F, 0xA2, 0x08, 0x92, 0x7E, 0xF8, 0x20, 0x7F, 0xC0, 0x83, 0xFF,
    0x80, 0x5F, 0xE8, 0x01, 0x3F, 0x74, 0x24, 0x84, 0x9F, 0x92, 0x13, 0x42, 0xCF, 0xC0, 0x00, 0x7F,
    0x80, 0x42, 0x0B, 0xFD, 0x12, 0x74, 0x25, 0x7A, 0x80, 0x17, 0xFB, 0x20, 0xC7, 0xC0, 0x08, 0x06,
    0x00, 0x4F, 0xE9, 0x25, 0x24, 0xF7, 0xF4, 0x92, 0x92, 0x53, 0xFB, 0x08, 0xCF, 0xE0, 0x20, 0x7F,
    0x80, 0x40, 0xA8, 0x15, 0x3F, 0xF4, 0x44, 0xEA, 0x95, 0x52, 0xAB, 0x52, 0xCE, 0x41, 0x14, 0x4C,
    0x80, 0x45, 0x08, 0x91, 0x3F, 0xF4, 0x45, 0xFE, 0x91, 0x12, 0x23, 0x7F, 0xC8, 0x81, 0x10, 0x3F,
    0x80, 0x24, 0x45, 0xFC, 0x91, 0x7B, 0xE2, 0x44, 0x4F, 0x89, 0x11, 0xFF, 0xCA, 0x81, 0x88, 0x3F,
    0x80, 0x42, 0x09, 0xF5, 0x09, 0x71, 0x45, 0xFE, 0x84, 0x11, 0xF3, 0x62, 0xD7, 0xC0, 0x88, 0x1F,
    0x00, 0x4F, 0xC9, 0x09, 0x3F, 0x74, 0x24, 0xFC, 0x80, 0x17, 0xBB, 0x55, 0xC6, 0x61, 0x54, 0x59,
    0x80, 0x44, 0x4B, 0xFD, 0x11, 0x71, 0xC4, 0x44, 0xB7, 0x50, 0x03, 0x7F, 0xC8, 0x21, 0x04, 0x3F,
    0x80, 0x04, 0x1F, 0xFE, 0x44, 0xBF, 0xE1, 0x11, 0xFF, 0xC8, 0x22, 0x22, 0xBF, 0xA0, 0x83, 0xFF,
    0x80, 0x21, 0x05, 0xFC, 0x84, 0x7B, 0xE2, 0x44, 0x4F, 0x89, 0x11, 0xA2, 0xCF, 0xE0, 0x88, 0x20,
    0x80, 0x41, 0x09, 0xFD, 0x15, 0x70, 0x85, 0xFE, 0x80, 0x13, 0xFB, 0x41, 0xCB, 0xA1, 0x54, 0x3F,
    0x80, 0x44, 0x4B, 0xFD, 0x44, 0xFA, 0xB5, 0xFE, 0x80, 0x13, 0xF3, 0x42, 0xCF, 0xC1, 0x08, 0x3F,
    0x00, 0x41, 0xC8, 0x21, 0x3F, 0xF4, 0x94, 0x9C, 0x9E, 0x52, 0x7B, 0x54, 0xCE, 0xA1, 0x58, 0x5F,
    0x80, 0x78, 0x89, 0x7D, 0xE5, 0x23, 0xF7, 0x89, 0x57, 0xCE, 0x20, 0x20, 0x7F, 0xC0, 0x83, 0xFF,
    0x80, 0x11, 0xFF, 0xE6, 0xAA, 0xAA, 0x5F, 0xF4, 0x89, 0x5F, 0x48, 0x20, 0x7F, 0xC0, 0x83, 0xFF,
    0x80, 0x04, 0x00, 0x80, 0x10, 0x02, 0x0F, 0xFE, 0x08, 0x01, 0x00, 0x20, 0x04, 0x00, 0x81, 0xFF,
    0x00, 0x04, 0x1F, 0xFC, 0x10, 0x3F, 0xE0, 0x00, 0xFF, 0x91, 0x13, 0xFE, 0x40, 0x08, 0x02, 0x00,
    0x00, 0x04, 0x1F, 0xFC, 0x10, 0x3F, 0xE0, 0x01, 0xFF, 0xE0, 0x08, 0xF8, 0x11, 0x04, 0x27, 0x07,
    0x80, 0x04, 0x1F, 0xFC, 0x10, 0x3F, 0xE0, 0x01, 0xFF, 0xE4, 0x4A, 0x8A, 0x31, 0x82, 0x23, 0xFF,
    0x80, 0x20, 0x84, 0x10, 0xF2, 0x22, 0x44, 0x4D, 0x49, 0x4A, 0x21, 0x44, 0x10, 0x85, 0x83, 0x0F,
    0x80, 0x10, 0x07, 0xF3, 0x44, 0x07, 0x03, 0x19, 0x80, 0xDF, 0xF2, 0x22, 0x7F, 0xC8, 0x89, 0xFF,
    0x00, 0x40, 0x0F, 0xFE, 0x81, 0x1F, 0xE2, 0x04, 0x7F, 0x82, 0x00, 0xFE, 0x70, 0x81, 0xE3, 0xC3,
    0x80, 0x21, 0x04, 0x20, 0xE4, 0x24, 0x84, 0x99, 0x52, 0x84, 0x48, 0x88, 0x21, 0x08, 0x22, 0x04,
    0x00, 0x04, 0x01, 0xF1, 0xC2, 0x04, 0x80, 0x68, 0x33, 0xF8, 0x88, 0xE1, 0x02, 0x40, 0x30, 0xF8,
    0x00, 0x04, 0x1F, 0xFC, 0x88, 0x11, 0xE4, 0x44, 0x92, 0xB5, 0x22, 0x14, 0x41, 0x08, 0xD1, 0x61,
    0x80, 0x21, 0x07, 0xBD, 0x18, 0xC2, 0xA7, 0x48, 0xAE, 0x15, 0x7A, 0xB1, 0x75, 0x40, 0x90, 0x6C,
    0x00, 0x04, 0x00, 0x80, 0x10, 0x7F, 0xF0, 0x40, 0x14, 0x02, 0x80, 0x88, 0x11, 0x04, 0x13, 0x01,
    0x80, 0x7F, 0xC0, 0x80, 0x10, 0x02, 0x0F, 0xFE, 0x08, 0x02, 0x80, 0x50, 0x11, 0x04, 0x13, 0x01,
    0x80, 0x04, 0x00, 0x80, 0x10, 0x7F, 0xF0, 0x40, 0x14, 0x02, 0x80, 0x88, 0x11, 0x05, 0x13, 0x11,
    0x80, 0x04, 0x00, 0x81, 0xFF, 0x22, 0x24, 0x44, 0x88, 0xBF, 0xF8, 0x50, 0x11, 0x04, 0x13, 0x01,
    0x80, 0x24, 0x04, 0x80, 0xFF, 0x22, 0x08, 0x40, 0x08, 0x3F, 0xF8, 0x50, 0x11, 0x04, 0x13, 0x01,
    0x80, 0x22, 0x02, 0x41, 0x08, 0x11, 0x00, 0x21, 0xFF, 0xC1, 0x00, 0x28, 0x08, 0x86, 0x0B, 0x00,
    0x80, 0x04, 0x1F, 0xFC, 0x28, 0x08, 0x82, 0x09, 0xFF, 0xC0, 0x11, 0xF2, 0x22, 0x47, 0xC8, 0x07,
    0x00, 0x04, 0x00, 0x83, 0xFF, 0x85, 0x03, 0x19, 0x80, 0xDF, 0xF2, 0x22, 0x7F, 0xC8, 0x89, 0xFF,
    0x00, 0x08, 0x1F, 0xFC, 0x82, 0x3F, 0xEA, 0x02, 0x7F, 0x08, 0x07, 0xFF, 0x10, 0x04, 0x11, 0xFD,
    0x00, 0x21, 0x04, 0xA3, 0xD5, 0xAB, 0xD5, 0xD2, 0xAA, 0x65, 0x5A, 0xA8, 0x24, 0x2A, 0x86, 0x0F,
    0x80, 0x27, 0xC4, 0x0B, 0xC2, 0x28, 0x85, 0x10, 0xBF, 0xE4, 0x42, 0x88, 0x21, 0x0A, 0x22, 0x1C,
    0x00, 0x20, 0x04, 0x7F, 0xE8, 0xA5, 0x14, 0xA3, 0x14, 0x64, 0x8A, 0x91, 0x22, 0x2A, 0x7E, 0x20,
    0x00, 0x01, 0xCF, 0xC1, 0x21, 0x12, 0x22, 0x48, 0x10, 0x3F, 0xF8, 0x84, 0x31, 0x01, 0xC3, 0xC7,
    0x80, 0x21, 0x04, 0x23, 0xC9, 0x2A, 0x25, 0xFA, 0xA0, 0x25, 0xFA, 0xA1, 0x24, 0x2A, 0x86, 0x1F,
    0x80, 0x7F, 0x80, 0x10, 0x04, 0x01, 0x00, 0x41, 0xFF, 0xC1, 0x00, 0x20, 0x04, 0x00, 0x80, 0x70,
    0x00, 0x04, 0x1F, 0xFE, 0x00, 0xDF, 0xD0, 0x10, 0x04, 0x01, 0x07, 0xFF, 0x04, 0x00, 0x80, 0x70,
    0x00, 0x08, 0x1F, 0xFC, 0x40, 0x13, 0xE2, 0x08, 0xC2, 0x28, 0x41, 0x7F, 0x21, 0x04, 0x20, 0x8C,
    0x00, 0xE0, 0xE5, 0xE9, 0x25, 0x24, 0xA4, 0x94, 0xD2, 0xB2, 0x52, 0x4A, 0x4A, 0x49, 0x57, 0x5D,
    0x80, 0x48, 0x44, 0x93, 0xFF, 0xC0, 0x1B, 0xFA, 0x02, 0x01, 0x87, 0xFF, 0x04, 0x00, 0x80, 0x70,
    0x00, 0xE1, 0x05, 0xFD, 0x08, 0x22, 0x24, 0xF8, 0xC2, 0x30, 0x8A, 0x62, 0x40, 0x88, 0x6B, 0x30,
    0x80, 0x04, 0x1F, 0xFE, 0x00, 0xD0, 0x12, 0x08, 0x46, 0x0F, 0x01, 0x00, 0x20, 0x24, 0x04, 0x7F,
    0x80, 0x04, 0x1F, 0xFE, 0x00, 0xC3, 0xD7, 0x80, 0x10, 0x03, 0xFF, 0xC0, 0x08, 0x01, 0x04, 0x1F,
    0x80, 0x04, 0x1F, 0xFE, 0x00, 0xC0, 0x90, 0x11, 0xFF, 0xC0, 0x41, 0x08, 0x11, 0x00, 0x20, 0x1C,
    0x00, 0x04, 0x1F, 0xFE, 0x00, 0x84, 0x00, 0x81, 0xFF, 0xC4, 0x21, 0x04, 0x11, 0x01, 0xC3, 0xC7,
    0x80, 0x04, 0x1F, 0xFE, 0x00, 0xDF, 0xD0, 0x00, 0x00, 0x3F, 0xF8, 0x88, 0x11, 0x04, 0x27, 0x07,
    0x80, 0x04, 0x1F, 0xFE, 0x00, 0xC0, 0x13, 0xF8, 0x00, 0x3F, 0xF8, 0x20, 0x24, 0x98, 0x8C, 0x30,
    0x00, 0x04, 0x1F, 0xFE, 0x00, 0xDF, 0xD2, 0x08, 0x7F, 0x08, 0x01, 0xFE, 0x20, 0x44, 0x08, 0xFF,
    0x00, 0x04, 0x1F, 0xFE, 0x00, 0x80, 0x07, 0xFC, 0x08, 0x09, 0x01, 0x3E, 0x24, 0x0B, 0x82, 0x0F,
    0x80, 0x04, 0x1F, 0xFE, 0x00, 0xD0, 0x13, 0xBC, 0x94, 0x92, 0x95, 0x96, 0x12, 0x04, 0x47, 0x07,
    0x80, 0x04, 0x1F, 0xFE, 0x00, 0xDF, 0xD2, 0x08, 0x7F, 0x08, 0x21, 0xFC, 0x20, 0x84, 0x13, 0xFF,
    0x80, 0x04, 0x1F, 0xFE, 0x00, 0xD1, 0x11, 0x20, 0x84, 0x08, 0x87, 0xFF, 0x05, 0x03, 0x13, 0x81,
    0x80, 0x04, 0x1F, 0xFE, 0x20, 0xCF, 0x97, 0x10, 0x1C, 0x0C, 0x67, 0xFF, 0x20, 0x84, 0x10, 0xFE,
    0x00, 0x04, 0x1F, 0xFE, 0x00, 0xDF, 0xD0, 0x80, 0x21, 0x1F, 0xD0, 0x20, 0x7F, 0xC0, 0x83, 0xFF,
    0x80, 0x04, 0x1F, 0xFE, 0x10, 0xBF, 0xE2, 0x08, 0x22, 0x3F, 0xF8, 0x20, 0x7F, 0xC0, 0x80, 0x10,
    0x00, 0x04, 0x1F, 0xFE, 0x10, 0xDF, 0xD0, 0x40, 0xFF, 0x81, 0x07, 0xFF, 0x40, 0x48, 0x09, 0xFF,
    0x00, 0x04, 0x1F, 0xFE, 0x00, 0xDF, 0xD0, 0xC0, 0x64, 0xB3, 0xA1, 0x98, 0xCE, 0x86, 0x4F, 0x30,
    0x00, 0x04, 0x1F, 0xFE, 0x44, 0xB2, 0x60, 0xA0, 0x63, 0x30, 0x19, 0xFC, 0x20, 0x84, 0x10, 0xFE,
    0x00, 0x04, 0x1F, 0xFE, 0x44, 0xBF, 0xE1, 0x10, 0x7F, 0x08, 0x21, 0x24, 0x24, 0x81, 0x47, 0xCF,
    0x80, 0x04, 0x1F, 0xFE, 0x00, 0x97, 0xE2, 0x10, 0x84, 0x33, 0xF2, 0x42, 0x4F, 0xC9, 0x09, 0x3F,
    0x00, 0x04, 0x1F, 0xFE, 0x00, 0x90, 0x03, 0xBC, 0x44, 0xBE, 0x91, 0x14, 0xB1, 0x15, 0x51, 0x91,
    0x80, 0x04, 0x1F, 0xFE, 0x24, 0xA9, 0x29, 0xC2, 0x61, 0x37, 0xE0, 0x00, 0x44, 0x48, 0x89, 0xFF,
    0x00, 0x04, 0x1F, 0xFE, 0x44, 0xBF, 0xE1, 0x11, 0xFF, 0xC4, 0x41, 0x64, 0xC3, 0x63, 0x80, 0x0C,
    0x00, 0x04, 0x1F, 0xFE, 0x80, 0x9D, 0xEE, 0xA4, 0xA3, 0x3B, 0xD8, 0x00, 0x7F, 0xC4, 0x93, 0x31,
    0x80, 0x04, 0x1F, 0xFE, 0x44, 0xBF, 0xE1, 0x11, 0xFF, 0xC9, 0x22, 0xFA, 0x84, 0x24, 0x91, 0x31,
    0x00, 0x00, 0x5E, 0x08, 0x5F, 0xC8, 0x25, 0x04, 0xA8, 0x88, 0x91, 0x12, 0x50, 0x4A, 0x0A, 0x07,
    0x00, 0x7F, 0xC8, 0x09, 0xFF, 0x20, 0x04, 0x02, 0x7F, 0xC0, 0x27, 0xFF, 0x20, 0x82, 0x10, 0x0E,
    0x00, 0x20, 0x5F, 0x08, 0x9F, 0x90, 0x2F, 0x84, 0x04, 0x88, 0x57, 0xCA, 0x20, 0x47, 0x0B, 0x07,
    0x00, 0x20, 0x4F, 0x09, 0x2F, 0xBC, 0x24, 0x84, 0xF4, 0x92, 0x57, 0xCA, 0x28, 0x49, 0x0A, 0x67,
    0x00, 0x21, 0xE5, 0xC6, 0x89, 0x30, 0xC2, 0xE0, 0x40, 0x9B, 0xFD, 0x02, 0x24, 0x44, 0x48, 0x83,
    0x00, 0x04, 0x00, 0x80, 0x10, 0x12, 0x42, 0x44, 0x88, 0x91, 0x0C, 0x21, 0x04, 0x00, 0x80, 0x70,
    0x00, 0x04, 0x00, 0x80, 0x92, 0x12, 0x24, 0x43, 0x08, 0x41, 0x20, 0x08, 0x06, 0x03, 0x03, 0x80,
    0x00, 0x04, 0x04, 0x91, 0x11, 0x42, 0x10, 0x40, 0x00, 0x01, 0x07, 0xFF, 0x0A, 0x06, 0x33, 0x01,
    0x80, 0x04, 0x04, 0x91, 0x11, 0x42, 0x10, 0x40, 0x00, 0x01, 0x03, 0xFE, 0x04, 0x00, 0x83, 0xFF,
    0x80, 0x09, 0x01, 0x10, 0x20, 0x7F, 0xF0, 0xA0, 0x14, 0x04, 0x80, 0x90, 0x22, 0x28, 0x46, 0x0F,
    0x80, 0x21, 0x5F, 0x24, 0x04, 0x7F, 0xF8, 0x91, 0x15, 0x3E, 0xA1, 0x14, 0xAA, 0xB5, 0x55, 0x93,
    0x80, 0x3F, 0xE4, 0x04, 0x80, 0x90, 0x13, 0xFE, 0x40, 0x08, 0x01, 0x00, 0x40, 0x08, 0x02, 0x00,
    0x00, 0x3F, 0xC4, 0x08, 0x81, 0x1F, 0xE2, 0x08, 0x41, 0x13, 0x14, 0x19, 0x00, 0x03, 0x00, 0x1C,
    0x00, 0x7F, 0xE8, 0x05, 0xFF, 0xA0, 0xC5, 0xE0, 0x87, 0x97, 0x82, 0x1F, 0x5E, 0x08, 0x46, 0x0F,
    0x80, 0x7F, 0xE8, 0x05, 0x00, 0xBF, 0xF4, 0x00, 0xBF, 0x90, 0x03, 0xFF, 0x48, 0x0A, 0x0A, 0xFE,
    0x80, 0x7F, 0xC8, 0x09, 0x01, 0x3F, 0xE4, 0x20, 0xFF, 0xD0, 0x82, 0xFE, 0x50, 0x4A, 0x0A, 0x7F,
    0x00, 0x7F, 0xE8, 0x05, 0xFF, 0xA0, 0x04, 0xA4, 0x94, 0x9F, 0xFA, 0x52, 0x4B, 0xC9, 0x02, 0x3F,
    0x80, 0x7F, 0xE8, 0x05, 0xFF, 0xA0, 0x07, 0xFE, 0x91, 0x17, 0xD2, 0x10, 0x5F, 0xC8, 0x42, 0xFF,
    0x80, 0x7F, 0xE8, 0x05, 0xFF, 0xA1, 0x05, 0xFC, 0xA4, 0x97, 0xF2, 0x10, 0x7F, 0xF4, 0x56, 0xBD,
    0x80, 0x7F, 0xE8, 0x05, 0xFF, 0xA5, 0x05, 0x3E, 0xCC, 0x92, 0x92, 0x9E, 0x76, 0x4A, 0x32, 0x59,
    0x80, 0x22, 0x04, 0x7E, 0xA8, 0x56, 0x0A, 0xBD, 0x50, 0xAA, 0x25, 0x48, 0xFA, 0x00, 0x44, 0x07,
    0x80, 0x44, 0x48, 0x89, 0xFF, 0x00, 0x0F, 0xFE, 0x10, 0x04, 0x01, 0xFE, 0x60, 0x54, 0x08, 0xFF,
    0x00, 0x22, 0x04, 0x7E, 0xB0, 0xD5, 0xDA, 0xAB, 0x57, 0x6A, 0xAD, 0x55, 0xFB, 0xA0, 0x04, 0x03,
    0x00, 0x44, 0x48, 0x89, 0xFF, 0xA1, 0x05, 0xFC, 0x84, 0x1F, 0xFA, 0x10, 0x5F, 0xC8, 0x42, 0xFF,
    0x80, 0x04, 0x08, 0x85, 0xFF, 0x80, 0x07, 0x9E, 0x92, 0x5E, 0x7A, 0x49, 0x79, 0xE9, 0x26, 0x69,
    0x80, 0x84, 0x3F, 0xFC, 0x08, 0x49, 0x0F, 0xBF, 0x25, 0x65, 0x2F, 0xA4, 0x90, 0x92, 0x2B, 0xD8,
    0x80, 0x29, 0x24, 0xAA, 0xBF, 0xD2, 0xAA, 0x93, 0x48, 0xA9, 0xFD, 0x4A, 0xF5, 0x40, 0x5C, 0x71,
    0x00, 0x89, 0x29, 0x24, 0x24, 0x89, 0x2D, 0x24, 0xA4, 0x92, 0x4A, 0x49, 0x49, 0x34, 0x02, 0x7F,
    0x80, 0x24, 0x89, 0x20, 0x92, 0x3F, 0xE4, 0x44, 0xFF, 0x91, 0x17, 0xFF, 0x15, 0x04, 0x93, 0x11,
    0x80, 0x7F, 0xC0, 0x80, 0x10, 0x02, 0x00, 0x40, 0x08, 0x01, 0x00, 0x20, 0x04, 0x00, 0x83, 0xFF,
    0x80, 0x08, 0x01, 0x03, 0xFF, 0x84, 0x01, 0x00, 0x20, 0x0B, 0xF9, 0x08, 0x41, 0x10, 0x20, 0x7F,
    0x80, 0xFF, 0xF0, 0x02, 0x00, 0x7F, 0xE8, 0x05, 0x00, 0xA0, 0x17, 0xFE, 0x80, 0x10, 0x03, 0xFF,
    0x80, 0x11, 0x1F, 0xFC, 0x10, 0x3F, 0xE0, 0x81, 0xFF, 0xC4, 0x01, 0xFE, 0x42, 0x10, 0x40, 0xFF,
    0x80, 0xFF, 0x80, 0x20, 0x0A, 0x02, 0x80, 0xBF, 0xE8, 0x02, 0x00, 0x80, 0x60, 0x17, 0xFC, 0x11,
    0x0F, 0xF8, 0x44, 0x7F, 0xF1, 0x10, 0x41, 0x1F, 0xF5, 0x05, 0x3F, 0x84, 0x04, 0x7F, 0x80, 0x08,
    0x00, 0x83, 0xFF, 0x82, 0x07, 0xFC, 0x88, 0x91, 0x12, 0x22, 0x44, 0xC0, 0x80, 0x10, 0x00, 0x08,
    0x1F, 0xFC, 0x40, 0x11, 0x04, 0x21, 0x7F, 0x88, 0x91, 0x12, 0x22, 0x44, 0x58, 0x08, 0x00, 0x23,
    0xC4, 0x4B, 0xE9, 0x55, 0x2A, 0xB5, 0x55, 0xAA, 0x95, 0x52, 0xBA, 0x44, 0x88, 0xA1, 0x80, 0x2F,
    0xF4, 0x22, 0x84, 0x57, 0xFA, 0x93, 0x52, 0x6A, 0x49, 0x49, 0x29, 0x68, 0x22, 0x04, 0x00, 0x31,
    0xC1, 0xC1, 0xC6, 0x08, 0x2F, 0xFE, 0x44, 0x1F, 0xF5, 0x12, 0x22, 0x44, 0x58, 0x08, 0x00, 0x22,
    0x44, 0x4B, 0xEA, 0x55, 0x8A, 0xA1, 0x5F, 0xEA, 0xA5, 0x54, 0xBA, 0x44, 0x48, 0x8C, 0x80, 0x24,
    0x9F, 0xFC, 0x92, 0x00, 0x0F, 0xFF, 0x08, 0x5F, 0xF2, 0x22, 0x44, 0x48, 0x98, 0x10, 0x00, 0x02,
    0x0F, 0xFD, 0x22, 0x3F, 0xF4, 0x88, 0x9F, 0x10, 0x82, 0xFE, 0x52, 0x4A, 0x5A, 0x08, 0x00, 0x11,
    0xFF, 0xA4, 0x45, 0x7E, 0x91, 0x1E, 0x42, 0x31, 0x03, 0xFE, 0x44, 0x48, 0x98, 0x10, 0x00, 0x24,
    0x9F, 0xFE, 0x00, 0xDF, 0xD2, 0x08, 0x7F, 0x01, 0x03, 0xFE, 0x44, 0x48, 0x98, 0x10, 0x00, 0x7F,
    0xC0, 0x80, 0x10, 0x02, 0x00, 0x41, 0xFF, 0xC1, 0x00, 0x20, 0x04, 0x00, 0x80, 0x10, 0x00, 0x7F,
    0xC0, 0x81, 0x11, 0x12, 0x40, 0x41, 0xFF, 0xC1, 0x00, 0x20, 0x04, 0x00, 0x80, 0x10, 0x00, 0x20,
    0x07, 0xFD, 0x08, 0x41, 0x03, 0xFC, 0x44, 0x08, 0x87, 0xFF, 0x02, 0x00, 0x40, 0x08, 0x00, 0x20,
    0x82, 0x23, 0xFF, 0x88, 0x81, 0x10, 0x22, 0x3F, 0xF8, 0x88, 0x11, 0x04, 0x23, 0x04, 0x00, 0x04,
    0x0F, 0xF8, 0x10, 0x7F, 0xF2, 0x08, 0x22, 0x1F, 0xF0, 0x20, 0xFF, 0xE0, 0x80, 0x10, 0x00, 0x02,
    0x0F, 0xFD, 0x00, 0x21, 0x04, 0x20, 0xBF, 0x90, 0x82, 0x10, 0x42, 0x08, 0x42, 0xFF, 0x80, 0x02,
    0x0F, 0xFD, 0x10, 0x3F, 0xF4, 0x80, 0xA4, 0x17, 0xF2, 0x10, 0x7F, 0xE8, 0x42, 0x08, 0x00, 0x02,
    0x0F, 0xFD, 0x00, 0x22, 0x25, 0x44, 0xA4, 0x92, 0x92, 0x44, 0x40, 0x88, 0x22, 0xFF, 0x80, 0x02,
    0x0F, 0xFD, 0x01, 0x2F, 0xC5, 0x10, 0xA2, 0x17, 0xFA, 0x88, 0x50, 0x8A, 0x96, 0x69, 0x80, 0x02,
    0x0F, 0xFD, 0x00, 0x21, 0x04, 0x3E, 0x84, 0x10, 0x82, 0xFE, 0x50, 0x4A, 0x0A, 0x7F, 0x00, 0x02,
    0x0F, 0xFD, 0x22, 0x24, 0x27, 0xFE, 0x92, 0x12, 0x52, 0x4C, 0x51, 0x2A, 0x66, 0x93, 0x80, 0x02,
    0x0F, 0xFD, 0x52, 0x2A, 0x27, 0xFE, 0x90, 0x13, 0xF2, 0x42, 0x54, 0x8A, 0x62, 0xB3, 0x80, 0x02,
    0x0F, 0xFD, 0x22, 0x3F, 0xF4, 0x88, 0x9F, 0x10, 0x02, 0xFE, 0x48, 0x88, 0xE2, 0xE3, 0x80, 0x02,
    0x0F, 0xFD, 0x00, 0x21, 0x05, 0x24, 0xA4, 0x9A, 0xAA, 0x10, 0x5F, 0xC8, 0x42, 0xFF, 0x80, 0x04,
    0x1F, 0xFE, 0x40, 0x5E, 0xFA, 0x53, 0x7A, 0xA9, 0x55, 0xE9, 0xA9, 0x34, 0xBA, 0xEC, 0x00, 0xE0,
    0xE5, 0xE1, 0x04, 0x40, 0x8E, 0x9E, 0x52, 0x2A, 0x45, 0x48, 0x4F, 0xEC, 0x02, 0x7F, 0x80, 0xE2,
    0x05, 0xF9, 0x09, 0x4F, 0xFE, 0x24, 0x5F, 0xA8, 0x85, 0x7E, 0x42, 0x0C, 0x42, 0x7F, 0x80, 0xFF,
    0xE4, 0x10, 0x82, 0x10, 0x42, 0x09, 0xFF, 0xC8, 0x21, 0x04, 0x40, 0x88, 0x12, 0x02, 0x00, 0x7F,
    0xC8, 0x09, 0xFF, 0x20, 0x04, 0x02, 0x7F, 0xC4, 0x27, 0xFF, 0x10, 0x84, 0x13, 0x02, 0x00, 0x04,
    0x1F, 0xFC, 0x40, 0x10, 0x47, 0xF4, 0x00, 0x04, 0x47, 0xFF, 0x11, 0x04, 0x23, 0x04, 0x00, 0x01,
    0x40, 0x27, 0xFF, 0x80, 0x80, 0x11, 0xFA, 0x04, 0x40, 0x84, 0x10, 0xA3, 0x8F, 0x80, 0x80, 0xFC,
    0x41, 0x10, 0x47, 0xF1, 0x80, 0x60, 0x1F, 0xC4, 0x11, 0x04, 0x41, 0x13, 0x84, 0xE4, 0x44, 0x88,
    0x92, 0x72, 0x88, 0x41, 0x3F, 0xF9, 0x41, 0x24, 0x24, 0x84, 0xAB, 0x18, 0x80, 0xE4, 0x04, 0xFC,
    0x90, 0xF4, 0x98, 0x11, 0x0A, 0xB9, 0x51, 0x49, 0x29, 0x24, 0x23, 0x0C, 0x00, 0xFB, 0xE1, 0x04,
    0x20, 0xFD, 0xF8, 0x21, 0xF7, 0xE2, 0x8A, 0x49, 0x28, 0xA9, 0x26, 0x69, 0x80, 0xE4, 0x44, 0x50,
    0xBF, 0xF4, 0x98, 0xFF, 0x12, 0x7B, 0xF9, 0x08, 0x2F, 0xE4, 0x23, 0x04, 0x00, 0xE7, 0xC4, 0x88,
    0x9F, 0x70, 0x88, 0xFF, 0x12, 0x7A, 0x49, 0x7F, 0x21, 0x04, 0x2B, 0x3E, 0x80, 0x17, 0xF2, 0x06,
    0x40, 0xC8, 0x19, 0x03, 0x2F, 0xE4, 0x09, 0x01, 0x20, 0x28, 0x06, 0x1F, 0x80, 0x08, 0x44, 0x52,
    0x41, 0x0F, 0xF8, 0x04, 0x03, 0xFF, 0x00, 0x80, 0x7F, 0xE0, 0xFF, 0x24, 0x88, 0x92, 0x12, 0x02,
    0x43, 0xFE, 0x89, 0x21, 0x20, 0x44, 0x28, 0x8A, 0x12, 0x00, 0x1C, 0x22, 0x09, 0xFA, 0x29, 0x15,
    0xC4, 0xE5, 0x17, 0x8A, 0x02, 0x5C, 0x8A, 0x86, 0x9F, 0x80, 0x7C, 0x28, 0x89, 0xF2, 0x22, 0x07,
    0xC2, 0x20, 0xBF, 0xA2, 0x20, 0x7C, 0x2A, 0x8A, 0xCA, 0x00, 0x29, 0xE9, 0x16, 0x22, 0x97, 0x55,
    0x8B, 0x91, 0x52, 0x2A, 0x55, 0x4D, 0x29, 0x25, 0x09, 0x80, 0x22, 0x08, 0x22, 0x7F, 0x90, 0x84,
    0x11, 0x82, 0x13, 0xF2, 0x08, 0x41, 0x08, 0x21, 0x7F, 0x80, 0x21, 0x08, 0xFA, 0x04, 0x10, 0x84,
    0xFF, 0x80, 0x93, 0xFA, 0x22, 0x42, 0x48, 0x09, 0x07, 0x00, 0x2F, 0xC9, 0x0A, 0x3F, 0x14, 0x24,
    0x85, 0x9F, 0x92, 0x4A, 0x4A, 0x48, 0x89, 0x49, 0x30, 0x80, 0x2F, 0xE9, 0x06, 0x20, 0x95, 0xD4,
    0xAB, 0x95, 0x52, 0xAA, 0x5D, 0x48, 0x29, 0x05, 0x3F, 0x80, 0x21, 0x08, 0xFA, 0x04, 0x10, 0x84,
    0xFF, 0x82, 0x11, 0x42, 0x2F, 0x45, 0x09, 0x61, 0x43, 0x80, 0x2F, 0xC9, 0x0A, 0x3F, 0x14, 0x24,
    0xFD, 0x80, 0x17, 0xFA, 0x04, 0x5F, 0xE9, 0x11, 0x16, 0x00, 0x24, 0x88, 0x92, 0x73, 0x92, 0x44,
    0x49, 0xB9, 0xD1, 0x22, 0x24, 0x5C, 0xE8, 0x91, 0x12, 0x00, 0x28, 0x0B, 0xDE, 0x12, 0x92, 0x55,
    0xEB, 0x89, 0x55, 0xAA, 0xA5, 0x54, 0xEA, 0xD1, 0x62, 0x00, 0x2A, 0x8D, 0x52, 0xFB, 0x90, 0x95,
    0xEB, 0x81, 0x57, 0x2A, 0xA5, 0x56, 0x4A, 0x95, 0x84, 0x80, 0x08, 0x00, 0x80, 0x08, 0x09, 0x01,
    0x00, 0xA0, 0x94, 0x0A, 0x81, 0x90, 0xA2, 0x10, 0x3E, 0x00, 0x08, 0x00, 0x90, 0x12, 0x08, 0x45,
    0x10, 0xA2, 0x94, 0x8C, 0xA1, 0x18, 0xA6, 0x13, 0x3E, 0x00, 0x7F, 0xC0, 0x88, 0x91, 0x24, 0x21,
    0x04, 0xC3, 0x01, 0x02, 0x92, 0x52, 0x32, 0x14, 0x3E, 0x00, 0x04, 0x1F, 0xFC, 0x80, 0x10, 0x03,
    0xFC, 0x00, 0x01, 0x02, 0x92, 0x52, 0x32, 0x14, 0x3E, 0x00, 0x22, 0x04, 0x22, 0xBF, 0xDA, 0x0A,
    0x41, 0x48, 0x09, 0x01, 0x20, 0x24, 0x04, 0x80, 0x9F, 0x80, 0x21, 0x44, 0x26, 0xC4, 0x57, 0xFA,
    0x11, 0x45, 0x08, 0xA1, 0x14, 0x24, 0xA4, 0x94, 0xA3, 0x80, 0x22, 0x04, 0x42, 0xBF, 0x59, 0x2A,
    0x25, 0x44, 0x8F, 0xF9, 0x10, 0x25, 0x05, 0x10, 0xC1, 0x80, 0x04, 0x01, 0x40, 0xC6, 0x62, 0x30,
    0x20, 0xFF, 0x80, 0x20, 0x48, 0x54, 0x4A, 0x16, 0x3E, 0x80, 0x20, 0x07, 0xFD, 0x24, 0xC4, 0x91,
    0x22, 0x49, 0x80, 0x02, 0xA2, 0x52, 0x32, 0x14, 0x3E, 0x00, 0x2F, 0xE4, 0x12, 0x84, 0x58, 0x8A,
    0x35, 0x4A, 0x4A, 0x49, 0x08, 0x21, 0x04, 0x20, 0x84, 0x00, 0x20, 0x07, 0xFD, 0x20, 0x47, 0xE0,
    0x80, 0x1F, 0x82, 0x02, 0xA2, 0x52, 0x32, 0x14, 0x3E, 0x00, 0x20, 0x1F, 0x7C, 0xA8, 0xA4, 0xA3,
    0x09, 0x96, 0xC0, 0x02, 0xA2, 0x52, 0x32, 0x14, 0x3E, 0x00, 0x20, 0x84, 0x22, 0x9F, 0xDA, 0x1A,
    0x43, 0x48, 0x49, 0xF9, 0x21, 0x24, 0x24, 0x84, 0x9F, 0x80, 0x7F, 0xC8, 0x89, 0xFF, 0x22, 0x24,
    0x44, 0xFF, 0x80, 0x02, 0xA2, 0x52, 0x32, 0x14, 0x3E, 0x00, 0x27, 0xC4, 0x8A, 0x8A, 0x58, 0x8A,
    0x29, 0x58, 0xC8, 0x41, 0x3E, 0x21, 0x04, 0x20, 0xBF, 0x80, 0x20, 0x82, 0x21, 0xFF, 0x20, 0x24,
    0x04, 0xFF, 0x80, 0x02, 0xA2, 0x52, 0x32, 0x14, 0x3E, 0x00, 0x24, 0x05, 0xFE, 0x90, 0x5A, 0x4A,
    0x4B, 0x4B, 0x49, 0xB1, 0x24, 0x24, 0x85, 0x28, 0x98, 0x80, 0x08, 0x07, 0xF0, 0x82, 0x1F, 0xC2,
    0x08, 0x7F, 0x08, 0x21, 0xFC, 0x54, 0x4A, 0x56, 0x3E, 0x80, 0x7F, 0xC1, 0x41, 0x29, 0x15, 0x40,
    0xA1, 0xFF, 0xC0, 0x02, 0xA2, 0x52, 0x32, 0x14, 0x3E, 0x00, 0x01, 0xCF, 0xC0, 0x92, 0x0A, 0x8F,
    0xFE, 0x49, 0x31, 0x18, 0x00, 0x54, 0x4A, 0x56, 0x3E, 0x80, 0x04, 0x07, 0xF0, 0x92, 0x1F, 0xC0,
    0x40, 0xFF, 0x91, 0x13, 0xFE, 0x14, 0x0A, 0x56, 0x3E, 0x80, 0x28, 0x05, 0xFD, 0x20, 0xE8, 0x84,
    0x54, 0x92, 0x50, 0xC0, 0x20, 0x52, 0x4A, 0x16, 0x3E, 0x80, 0x3F, 0x84, 0x10, 0xFE, 0x10, 0x4F,
    0xFE, 0x41, 0x1F, 0xD0, 0x20, 0x52, 0x4A, 0x16, 0x3E, 0x80, 0x21, 0x05, 0xFE, 0x80, 0x5A, 0x2A,
    0x45, 0x55, 0x48, 0x41, 0x7F, 0x21, 0x04, 0x20, 0x84, 0x00, 0x21, 0x04, 0x3E, 0x84, 0x5B, 0xEA,
    0x45, 0x4F, 0x89, 0x11, 0x3E, 0x21, 0x05, 0xFC, 0x84, 0x00, 0x21, 0x04, 0xFA, 0x84, 0x5B, 0xEA,
    0x11, 0x5F, 0xC9, 0x11, 0x3E, 0x24, 0x44, 0xF8, 0x91, 0x00, 0x21, 0x05, 0xFE, 0x80, 0x5B, 0xEA,
    0x45, 0x48, 0x89, 0xF1, 0x08, 0x25, 0x45, 0x24, 0x8C, 0x00, 0x23, 0xFF, 0x44, 0x8F, 0xB9, 0x1A,
    0xBE, 0x44, 0x48, 0xF8, 0xA0, 0x52, 0x4A, 0x16, 0x3E, 0x80, 0x04, 0x0F, 0xF8, 0x44, 0x7F, 0xF2,
    0x08, 0x7F, 0x08, 0x21, 0xFC, 0x14, 0x4A, 0x56, 0x3E, 0x80, 0x01, 0x4F, 0xFD, 0x74, 0x20, 0xA5,
    0xC8, 0xA9, 0x67, 0x58, 0x20, 0x52, 0x4A, 0x16, 0x3E, 0x80, 0x7F, 0xE8, 0x81, 0x7F, 0x28, 0x25,
    0xFC, 0xA0, 0x97, 0xF2, 0x54, 0x56, 0x4D, 0x26, 0xBE, 0x80, 0x22, 0x45, 0xFE, 0x89, 0x58, 0x8A,
    0xFF, 0x48, 0x09, 0xF1, 0x00, 0x25, 0x44, 0xA8, 0xA5, 0x80, 0x27, 0xC4, 0x8A, 0x9F, 0x5A, 0x2A,
    0xFF, 0x55, 0x4B, 0xF9, 0x22, 0x22, 0x84, 0x20, 0xBB, 0x80, 0x20, 0x9F, 0x7C, 0x82, 0x7D, 0xF2,
    0x08, 0xFF, 0x80, 0x13, 0xFE, 0x14, 0x0A, 0x56, 0x3E, 0x80, 0x22, 0x84, 0xFE, 0xD2, 0x57, 0xFA,
    0x49, 0x4F, 0xC9, 0x21, 0x3F, 0x20, 0x05, 0x54, 0xAA, 0x80, 0x02, 0x9E, 0x48, 0x48, 0x49, 0xF5,
    0xE0, 0xA4, 0x88, 0xA1, 0x08, 0x51, 0x2A, 0x56, 0x11, 0x80, 0x02, 0x80, 0x49, 0xFF, 0xA1, 0x07,
    0xA4, 0x94, 0x92, 0xA2, 0x48, 0x59, 0x28, 0x56, 0x31, 0x80, 0x19, 0x5C, 0x24, 0x84, 0x7F, 0xF2,
    0x10, 0x42, 0x8E, 0x57, 0x04, 0x20, 0xA4, 0x2D, 0x88, 0x80, 0x02, 0x80, 0x4B, 0xFF, 0x81, 0x07,
    0xA4, 0x94, 0x92, 0xA3, 0xC8, 0x01, 0x23, 0x57, 0x91, 0x80, 0x21, 0x44, 0x24, 0xE4, 0x10, 0xF2,
    0x70, 0x42, 0x7E, 0x54, 0x44, 0x88, 0xB1, 0x2F, 0xE8, 0x80, 0xEE, 0xA4, 0x56, 0xAA, 0x33, 0xFA,
    0xA8, 0x71, 0x51, 0x2C, 0xD2, 0x60, 0x41, 0x97, 0xC4, 0x80, 0xEE, 0xB5, 0x55, 0x9A, 0x55, 0xF2,
    0x28, 0x51, 0x5F, 0xAE, 0x42, 0x7E, 0x49, 0x15, 0xFC, 0x80, 0x02, 0x07, 0xFC, 0x80, 0x90, 0x13,
    0xFE, 0x40, 0x08, 0x01, 0x00, 0x40, 0x08, 0x02, 0x00, 0x00, 0x02, 0x0F, 0xFD, 0x00, 0xBF, 0xF4,
    0x20, 0xFF, 0xD2, 0x02, 0x7E, 0x48, 0x4A, 0x0A, 0x86, 0x00, 0x18, 0x6C, 0x71, 0x08, 0x3D, 0x04,
    0xBE, 0x94, 0x9E, 0x92, 0x12, 0x42, 0x48, 0x4A, 0x11, 0x00, 0x02, 0x0F, 0xFD, 0x00, 0xBF, 0xF4,
    0x00, 0xFB, 0xD5, 0x2A, 0x63, 0x54, 0xAC, 0xA6, 0x31, 0x80, 0x03, 0xCF, 0x80, 0x10, 0x02, 0x07,
    0xFC, 0x08, 0x01, 0x07, 0xFF, 0x04, 0x00, 0x80, 0x70, 0x00, 0x22, 0x04, 0x43, 0xE8, 0x11, 0x02,
    0x20, 0x74, 0x38, 0x81, 0x10, 0x22, 0x24, 0x47, 0x87, 0x80, 0x21, 0x04, 0x23, 0xC4, 0x10, 0x82,
    0x18, 0x62, 0xB8, 0x49, 0x08, 0x21, 0x04, 0x23, 0x84, 0x00, 0x27, 0xE4, 0x13, 0xC2, 0x10, 0x42,
    0x08, 0x61, 0x38, 0x21, 0x04, 0x20, 0x84, 0x13, 0x8E, 0x00, 0x4F, 0xC8, 0x8B, 0x91, 0x22, 0x44,
    0x4E, 0xC8, 0x71, 0x0A, 0x21, 0x48, 0x29, 0x07, 0x43, 0x00, 0x4F, 0xE8, 0x23, 0x84, 0x20, 0x84,
    0x10, 0xC2, 0x30, 0x42, 0x08, 0x41, 0x08, 0x23, 0x3F, 0x80, 0x20, 0x04, 0xFF, 0xD0, 0x92, 0x12,
    0x42, 0x68, 0x79, 0x09, 0x21, 0x24, 0x24, 0x87, 0x9F, 0x80, 0x20, 0x84, 0xFF, 0xD0, 0x12, 0x02,
    0x40, 0x68, 0x39, 0x01, 0x20, 0x24, 0x04, 0x83, 0xA0, 0x00, 0x4F, 0xE8, 0x07, 0x80, 0xA0, 0x14,
    0x02, 0xDF, 0xF0, 0x0A, 0x01, 0x40, 0x28, 0x07, 0x3F, 0x80, 0x4F, 0xC8, 0x13, 0x84, 0x21, 0x04,
    0xFE, 0xC5, 0x71, 0x2A, 0x49, 0x41, 0x28, 0x47, 0x13, 0x00, 0x4F, 0xC8, 0x4B, 0x89, 0x21, 0x24,
    0x24, 0xDF, 0xB1, 0x12, 0x22, 0x44, 0x48, 0x8B, 0x7F, 0x80, 0x42, 0x88, 0x4B, 0x88, 0x2F, 0xF4,
    0x20, 0xCA, 0x31, 0x42, 0x28, 0x49, 0x29, 0x27, 0x47, 0x80, 0x42, 0x88, 0x4B, 0x88, 0x21, 0xF5,
    0xE0, 0xC4, 0xB0, 0xA2, 0x08, 0x41, 0x28, 0xD7, 0x61, 0x80, 0x41, 0x08, 0x23, 0xBF, 0xA0, 0x84,
    0x10, 0xDF, 0xB2, 0x12, 0x42, 0x44, 0x88, 0x63, 0x73, 0x80, 0x4F, 0xE9, 0x27, 0xA4, 0xA4, 0x94,
    0x92, 0xDF, 0xF2, 0x02, 0x40, 0x48, 0x29, 0x07, 0x1F, 0x80, 0x40, 0xE9, 0xEB, 0xA5, 0x24, 0xA4,
    0x94, 0xD2, 0xB2, 0x52, 0x4A, 0x49, 0x49, 0x27, 0x44, 0x80, 0x47, 0x88, 0x93, 0x92, 0x22, 0x45,
    0x8E, 0xC0, 0x33, 0xF2, 0x42, 0x44, 0x88, 0x63, 0x73, 0x80, 0x40, 0x88, 0x93, 0x8A, 0x20, 0x44,
    0x88, 0xC9, 0x30, 0x3A, 0x1C, 0x4C, 0x88, 0x13, 0x02, 0x00, 0x40, 0xC9, 0xE3, 0xA0, 0x24, 0x04,
    0xFE, 0xD1, 0x32, 0x22, 0x44, 0x48, 0x89, 0x13, 0x42, 0x00, 0x41, 0x08, 0x53, 0x91, 0x2C, 0x14,
    0x7C, 0xC8, 0xB1, 0x12, 0x2E, 0x44, 0x08, 0x87, 0x0F, 0x80, 0x21, 0x04, 0x13, 0xDF, 0x92, 0x12,
    0x42, 0x6F, 0xF9, 0x01, 0x20, 0x24, 0x04, 0x83, 0xA0, 0x00, 0x27, 0xE4, 0x87, 0xD0, 0x92, 0x72,
    0x40, 0x6F, 0xF9, 0x89, 0x2A, 0x24, 0x84, 0xAB, 0x98, 0x80, 0x41, 0x09, 0xFF, 0xA4, 0xA4, 0x84,
    0xFE, 0xD8, 0x72, 0x8A, 0x4A, 0x48, 0x89, 0x2B, 0x58, 0x80, 0x40, 0xC9, 0xE3, 0xA4, 0x24, 0x84,
    0x90, 0xDF, 0xF2, 0x42, 0x44, 0x48, 0xA9, 0x4F, 0x34, 0x80, 0x41, 0x08, 0x23, 0xBF, 0xA4, 0x94,
    0x92, 0xD2, 0x73, 0xFA, 0x49, 0x49, 0x29, 0x27, 0x3F, 0x80, 0x4F, 0xC9, 0x0B, 0xA1, 0x24, 0x24,
    0xFC, 0xD0, 0xB2, 0x12, 0x42, 0x4F, 0xC8, 0x03, 0x7F, 0x80, 0x42, 0x08, 0x23, 0xBF, 0xA0, 0x04,
    0x44, 0xC8, 0xB0, 0x92, 0x12, 0x42, 0x88, 0x13, 0x3F, 0x80, 0x4F, 0xE9, 0x07, 0xA0, 0xA7, 0xF4,
    0x20, 0xDF, 0xF0, 0x8A, 0x11, 0x44, 0x28, 0x87, 0x23, 0x00, 0x44, 0x88, 0x8B, 0xBF, 0xA2, 0x04,
    0x40, 0xCF, 0xB1, 0x12, 0x22, 0x4A, 0x89, 0x23, 0x5B, 0x80, 0x41, 0x09, 0x27, 0xA4, 0xA4, 0x94,
    0xFE, 0xC2, 0x30, 0x42, 0x49, 0x49, 0x29, 0x27, 0x3F, 0x80, 0x4F, 0xE9, 0x27, 0xA4, 0xA7, 0xF4,
    0x92, 0xD2, 0x73, 0xFA, 0x49, 0x49, 0x29, 0x27, 0x45, 0x80, 0x44, 0x48, 0x53, 0xBF, 0xA0, 0x04,
    0x00, 0xC0, 0x31, 0xF2, 0x00, 0x40, 0x08, 0x03, 0x3F, 0x80, 0x4F, 0xE9, 0x07, 0x91, 0x21, 0xC4,
    0xC6, 0xC2, 0x31, 0xF2, 0x08, 0x4F, 0xE8, 0x23, 0x04, 0x00, 0x24, 0x84, 0xA1, 0xFF, 0x08, 0x8F,
    0xFE, 0x49, 0x37, 0xD0, 0x21, 0xFF, 0xE0, 0x80, 0x70, 0x00, 0x41, 0x09, 0xFF, 0xA4, 0xA7, 0xF4,
    0x92, 0xD2, 0x73, 0xFA, 0x0A, 0x40, 0x88, 0x37, 0x39, 0x80, 0x41, 0x08, 0x53, 0x91, 0x2C, 0x14,
    0x7C, 0xC0, 0x33, 0xFA, 0x41, 0x48, 0x29, 0x07, 0x3F, 0x80, 0x0E, 0x06, 0x33, 0x7D, 0x80, 0x03,
    0xF8, 0x41, 0x1F, 0xF0, 0x20, 0xFF, 0xE0, 0x80, 0x70, 0x00, 0x41, 0x08, 0xFB, 0x84, 0x20, 0x84,
    0xFE, 0xC0, 0xB3, 0xFA, 0x22, 0x42, 0x48, 0x0B, 0x07, 0x00, 0x41, 0x08, 0xFB, 0x84, 0x20, 0x84,
    0xFE, 0xC0, 0x30, 0x42, 0x3E, 0x41, 0x08, 0x23, 0x3F, 0x80, 0x48, 0x29, 0x1B, 0xBC, 0x24, 0x14,
    0x7E, 0xC0, 0x33, 0xFA, 0x41, 0x4F, 0xE9, 0x07, 0x3F, 0x80, 0x41, 0x09, 0x27, 0x95, 0x20, 0x84,
    0xFE, 0xC0, 0x70, 0x0A, 0x7F, 0x40, 0x28, 0x07, 0x3F, 0x80, 0x44, 0x08, 0xF3, 0xA2, 0x27, 0xE4,
    0x14, 0xDF, 0xF0, 0x52, 0x7E, 0x41, 0x08, 0x23, 0x1C, 0x00, 0x41, 0x09, 0xFF, 0x91, 0x21, 0x44,
    0x10, 0xC5, 0x37, 0x1A, 0x22, 0x44, 0x48, 0x8B, 0x21, 0x00, 0x4F, 0xE9, 0x07, 0x88, 0x27, 0xF4,
    0x40, 0xD2, 0x33, 0xFA, 0x08, 0x4F, 0xE8, 0x23, 0x04, 0x00, 0x42, 0x08, 0x8B, 0xBE, 0xA2, 0x04,
    0x7C, 0xD2, 0x30, 0x42, 0x7F, 0x42, 0x88, 0x8B, 0x20, 0x80, 0x5C, 0x28, 0xBB, 0xA1, 0x28, 0x25,
    0xDE, 0xC8, 0xB5, 0x12, 0xA2, 0x49, 0xEA, 0x83, 0x4F, 0x80, 0x4F, 0xE9, 0x07, 0xA4, 0xA4, 0x94,
    0xFE, 0xD2, 0x72, 0xEA, 0x6B, 0x49, 0x29, 0x07, 0x3F, 0x80, 0x4F, 0xE9, 0x07, 0xA0, 0xA4, 0x14,
    0xFE, 0xC2, 0x32, 0x42, 0x4F, 0x49, 0x0A, 0xE3, 0x43, 0x80, 0x4F, 0xC9, 0x0B, 0xBF, 0x24, 0x24,
    0xFC, 0xC0, 0x33, 0xF2, 0x08, 0x5F, 0xE8, 0x23, 0x04, 0x00, 0x41, 0x49, 0xFF, 0x84, 0x27, 0xF4,
    0x92, 0xDF, 0xF2, 0x4A, 0x7F, 0x49, 0x29, 0x27, 0x25, 0x80, 0x47, 0xC8, 0x8B, 0x9F, 0x20, 0x04,
    0xFE, 0xD0, 0x72, 0x4A, 0x49, 0x42, 0x88, 0x8B, 0x20, 0x80, 0x41, 0x08, 0x53, 0x91, 0x2C, 0x14,
    0x7C, 0xC0, 0x32, 0x8A, 0x2A, 0x45, 0x48, 0x13, 0x3F, 0x80, 0x4F, 0xE9, 0x07, 0xA0, 0xA7, 0xF4,
    0x88, 0xDF, 0xF2, 0x22, 0x5F, 0x4A, 0x29, 0x47, 0x4F, 0x80, 0x42, 0x0B, 0xFF, 0x89, 0x2F, 0xF4,
    0x24, 0xDF, 0xB0, 0x82, 0x5E, 0x4A, 0x0A, 0xC3, 0x47, 0x80, 0x42, 0x89, 0x93, 0xA3, 0xA4, 0x54,
    0xF6, 0xD4, 0xB2, 0x92, 0x52, 0x4A, 0xA9, 0x57, 0x4C, 0x80, 0x41, 0x08, 0x3F, 0x84, 0x27, 0xE4,
    0x84, 0xDF, 0xB2, 0x12, 0x7E, 0x41, 0x0B, 0xFF, 0x04, 0x00, 0x42, 0x88, 0x53, 0xBB, 0xA1, 0x44,
    0x28, 0xDD, 0xF0, 0xA2, 0x14, 0x4E, 0xE8, 0x53, 0x0A, 0x00, 0x41, 0x0B, 0xFF, 0x80, 0x27, 0xE4,
    0x84, 0xD0, 0xB3, 0xF2, 0x08, 0x49, 0x4A, 0x27, 0x0C, 0x00, 0x4F, 0xE9, 0x07, 0x8A, 0x22, 0x24,
    0x82, 0xC2, 0x33, 0xFA, 0x08, 0x43, 0x88, 0xAB, 0x24, 0x80, 0x41, 0x09, 0xFF, 0x91, 0x21, 0x44,
    0xFE, 0xC2, 0x33, 0xFA, 0x12, 0x44, 0x88, 0x73, 0x31, 0x80, 0x41, 0x09, 0xFF, 0xA0, 0xA1, 0x44,
    0x44, 0xD0, 0x71, 0xF2, 0x08, 0x41, 0x08, 0x23, 0x3F, 0x80, 0x45, 0x08, 0x93, 0xBF, 0xAC, 0x44,
    0xFE, 0xD1, 0x32, 0x22, 0x7F, 0x48, 0x89, 0x13, 0x3F, 0x80, 0x42, 0x09, 0xFB, 0x92, 0x25, 0x25,
    0xFE, 0xD4, 0xB3, 0xF2, 0x52, 0x4F, 0xC8, 0x47, 0x07, 0x80, 0x51, 0xE9, 0x57, 0xFE, 0xA2, 0x54,
    0x4C, 0xC9, 0x77, 0xEA, 0x25, 0x4A, 0xE9, 0x33, 0x42, 0x00, 0x4F, 0xC9, 0x0B, 0xBF, 0x24, 0x24,
    0xFC, 0xC0, 0x37, 0xFA, 0x28, 0x45, 0xE9, 0x63, 0x43, 0x80, 0x40, 0xC8, 0xE3, 0x84, 0x27, 0xF4,
    0x10, 0xCA, 0x32, 0x5A, 0x49, 0x4D, 0x69, 0x27, 0x3F, 0x80, 0x41, 0x49, 0xFF, 0x84, 0x27, 0xF4,
    0x92, 0xDF, 0xF2, 0x4A, 0x02, 0x4F, 0xE8, 0x8B, 0x0B, 0x00, 0x45, 0x09, 0x2F, 0xA4, 0xA6, 0xB4,
    0x92, 0xDF, 0xF0, 0x42, 0x7F, 0x44, 0x48, 0x73, 0x71, 0x80, 0x41, 0x09, 0xFF, 0x91, 0x23, 0xE4,
    0x00, 0xDF, 0xF2, 0x0A, 0x5D, 0x4A, 0xA9, 0x77, 0x21, 0x80, 0x44, 0x89, 0xFF, 0xE2, 0x27, 0xF4,
    0x88, 0xDF, 0xF0, 0x02, 0x7E, 0x42, 0x68, 0x87, 0x63, 0x00, 0x40, 0x69, 0xF3, 0xA4, 0xA2, 0xA4,
    0x80, 0x9F, 0xD8, 0x46, 0x7F, 0x41, 0x09, 0x27, 0x3F, 0x80, 0x41, 0x09, 0xFF, 0x91, 0x27, 0xF4,
    0x92, 0xD7, 0x72, 0x4A, 0x5D, 0x4A, 0xA9, 0x77, 0x21, 0x80, 0x49, 0x29, 0x27, 0xBF, 0xA2, 0x44,
    0xFE, 0xD1, 0x37, 0xFA, 0x44, 0x4F, 0xE9, 0x13, 0x3F, 0x80, 0x41, 0x09, 0xFB, 0x92, 0x2F, 0xF4,
    0x94, 0xDF, 0xB2, 0x52, 0x4A, 0x5F, 0xE8, 0x23, 0x7F, 0x80, 0x44, 0x8B, 0xD3, 0xA3, 0xA9, 0x55,
    0xD2, 0xE5, 0x77, 0xAA, 0x95, 0x5E, 0x4A, 0x57, 0x5C, 0x80, 0x40, 0xE9, 0xE3, 0x95, 0x2F, 0xF4,
    0x54, 0xD2, 0x77, 0xFA, 0x49, 0x4F, 0xE9, 0x27, 0x3F, 0x80, 0x44, 0x49, 0xDF, 0x91, 0x2F, 0x74,
    0xAA, 0xDF, 0xF1, 0x42, 0x7E, 0x41, 0x09, 0xFF, 0x04, 0x00, 0x41, 0x0B, 0xFF, 0xAE, 0xA5, 0x54,
    0xBA, 0xD0, 0x73, 0xFA, 0x22, 0x47, 0xC8, 0x8B, 0x7F, 0x80, 0x47, 0xC8, 0x8B, 0x9F, 0x27, 0x74,
    0xAA, 0xDD, 0xF0, 0x42, 0x7F, 0x43, 0x88, 0xAB, 0x24, 0x80, 0x52, 0x1F, 0xFD, 0x55, 0x3A, 0xC0,
    0xA6, 0xFF, 0x01, 0x01, 0xFC, 0x04, 0x1F, 0xFC, 0x10, 0x00, 0x04, 0x00, 0x83, 0xFF, 0x82, 0x00,
    0x40, 0xFF, 0x88, 0x20, 0x88, 0x0E, 0x06, 0x33, 0x01, 0x80, 0x12, 0x12, 0x42, 0x4F, 0xCA, 0x29,
    0xA5, 0x24, 0xA4, 0xA5, 0x94, 0xD1, 0x02, 0x50, 0x51, 0x80, 0x02, 0x1E, 0x40, 0x8F, 0x92, 0x22,
    0xA4, 0x44, 0x88, 0xA1, 0x94, 0xC1, 0x00, 0x50, 0x31, 0x80, 0x42, 0x04, 0x43, 0xEF, 0xA2, 0x24,
    0x24, 0xF4, 0x92, 0xA2, 0x54, 0x49, 0x09, 0x52, 0x71, 0x80, 0x11, 0x1F, 0xA0, 0x07, 0xA5, 0x28,
    0x54, 0x92, 0x92, 0x51, 0x4A, 0x10, 0x85, 0x2B, 0x18, 0x80, 0x1A, 0x1C, 0x40, 0x8F, 0x92, 0x2F,
    0xA4, 0x44, 0x88, 0xA7, 0xD4, 0x89, 0x11, 0x53, 0xF1, 0x80, 0x19, 0x02, 0xA3, 0xF7, 0x89, 0x29,
    0x54, 0xB2, 0x84, 0x51, 0xCA, 0x54, 0x92, 0x28, 0xD8, 0x80, 0x21, 0x1E, 0xA0, 0xA7, 0xFF, 0x22,
    0x24, 0xFA, 0xA2, 0x50, 0xEA, 0xF0, 0x82, 0x28, 0xD8, 0x80, 0x95, 0x0B, 0x20, 0x47, 0xFF, 0x28,
    0x55, 0xEA, 0xB5, 0x56, 0xAA, 0xF4, 0x90, 0xAA, 0x38, 0x80, 0x51, 0x1F, 0x21, 0x47, 0xFD, 0x20,
    0x55, 0xF2, 0xA2, 0x57, 0xCA, 0x88, 0x9F, 0x2A, 0x28, 0x80, 0x95, 0x0B, 0x23, 0xF7, 0x99, 0x25,
    0x95, 0x2A, 0x88, 0x57, 0xEA, 0x24, 0x87, 0x2B, 0x18, 0x80, 0x11, 0x1F, 0xFD, 0x55, 0x3E, 0xA3,
    0x88, 0xAA, 0xBF, 0xF8, 0x20, 0x27, 0xC4, 0x83, 0xFF, 0x80, 0x08, 0x00, 0x83, 0xFF, 0x90, 0x42,
    0x08, 0x22, 0x04, 0x40, 0x50, 0x04, 0x03, 0x63, 0x83, 0x80, 0xE5, 0xE8, 0x89, 0x79, 0x21, 0x24,
    0xA5, 0xD7, 0xD1, 0x12, 0x22, 0x4A, 0x49, 0x0B, 0x87, 0x80, 0x11, 0x01, 0x20, 0x14, 0x20, 0x82,
    0x10, 0x22, 0x00, 0x78, 0x78, 0xF1, 0x00, 0x20, 0x04, 0x00, 0x20, 0x56, 0x49, 0x85, 0x10, 0x2F,
    0x44, 0x44, 0x98, 0x1B, 0x8E, 0xA6, 0x44, 0x08, 0x81, 0x00, 0x30, 0x49, 0x4A, 0x05, 0x78, 0x22,
    0x44, 0x44, 0xBC, 0x19, 0x0E, 0xAE, 0x54, 0x08, 0x81, 0x00, 0x01, 0xC7, 0xC0, 0x80, 0x10, 0x03,
    0xFE, 0x42, 0x09, 0xC1, 0x0C, 0x41, 0x68, 0x22, 0x04, 0x00, 0x20, 0x7F, 0x71, 0x08, 0x51, 0x0A,
    0x3F, 0xF4, 0x88, 0x91, 0xD2, 0xE2, 0x44, 0x48, 0x91, 0x00, 0x90, 0x7A, 0xF2, 0xE8, 0x49, 0x0F,
    0xFF, 0x24, 0xAE, 0x96, 0xB2, 0x92, 0x50, 0x4B, 0xF1, 0x00, 0x10, 0x7F, 0xB1, 0x14, 0x14, 0x8F,
    0xDE, 0x22, 0xBF, 0x50, 0x8A, 0x55, 0x52, 0x48, 0xC9, 0x00, 0x08, 0x00, 0x83, 0xFF, 0x84, 0x00,
    0x80, 0x1F, 0x82, 0x10, 0x82, 0x10, 0x44, 0x0B, 0x06, 0x00, 0x44, 0x08, 0xFF, 0xE4, 0x24, 0xB4,
    0x5A, 0xEE, 0x57, 0x4C, 0xAB, 0x95, 0x02, 0x85, 0x8F, 0x80, 0x04, 0x1F, 0xFC, 0x44, 0x7F, 0xF8,
    0x02, 0x08, 0x3F, 0xF8, 0x40, 0x1F, 0xC4, 0x0B, 0x06, 0x00, 0x44, 0x08, 0xFF, 0xE2, 0x24, 0x84,
    0x28, 0xFD, 0x52, 0xAA, 0x52, 0x8A, 0x51, 0x44, 0xCC, 0x80, 0x44, 0x08, 0xFF, 0xD0, 0x23, 0xF4,
    0x92, 0xE2, 0x15, 0x7A, 0xA8, 0x95, 0x12, 0xE0, 0xE3, 0x80, 0x7F, 0xC0, 0x80, 0x10, 0x02, 0x0F,
    0xFE, 0x14, 0x02, 0x80, 0x90, 0x12, 0x24, 0x47, 0x0F, 0x80, 0xFF, 0xC0, 0x60, 0x30, 0x18, 0x0F,
    0xFE, 0x03, 0x01, 0x80, 0xC0, 0x7F, 0xE0, 0x9F, 0xE4, 0x19, 0x06, 0x41, 0x90, 0x67, 0xF9, 0x06,
    0x41, 0x90, 0x64, 0x19, 0xFC, 0x7F, 0xC8, 0x09, 0xFF, 0x20, 0x27, 0xFC, 0x08, 0x01, 0x07, 0xFF,
    0x04, 0x00, 0x80, 0x10, 0x00, 0x00, 0x5E, 0x0A, 0x5F, 0xC8, 0x29, 0x05, 0xE8, 0xA4, 0x94, 0x92,
    0x90, 0x5E, 0x08, 0x07, 0x00, 0xF7, 0xF2, 0x86, 0x50, 0xCB, 0xFF, 0x43, 0x28, 0x65, 0xFC, 0xA1,
    0xF4, 0x21, 0x04, 0x43, 0x80, 0x7F, 0xC8, 0x09, 0xFF, 0x20, 0x27, 0xFC, 0x40, 0x0F, 0xFA, 0x49,
    0x89, 0x22, 0x44, 0x93, 0x00, 0x7F, 0xC8, 0x09, 0xFF, 0x20, 0x27, 0xFC, 0x88, 0x1F, 0xF4, 0x20,
    0x7F, 0xC0, 0x83, 0xFF, 0x80, 0x01, 0x1C, 0x22, 0xBF, 0x54, 0xAA, 0x95, 0xD2, 0xAF, 0xFD, 0x08,
    0xA2, 0x9C, 0x88, 0x60, 0x80, 0x7F, 0xC8, 0x09, 0xFF, 0x20, 0x27, 0xFC, 0x00, 0x3F, 0xF9, 0x20,
    0x27, 0xCB, 0x82, 0x0F, 0x80, 0x7F, 0xC8, 0x09, 0xFF, 0x20, 0x27, 0xFC, 0x22, 0x24, 0x4A, 0x8A,
    0x31, 0x82, 0x23, 0xFF, 0x80, 0x7F, 0xC8, 0x09, 0xFF, 0x20, 0x27, 0xFC, 0x49, 0x05, 0x47, 0xFF,
    0x11, 0x04, 0x27, 0x07, 0x80, 0x04, 0x1C, 0xF2, 0xA2, 0x5F, 0xFA, 0x93, 0xD2, 0x6B, 0xFD, 0x14,
    0xA2, 0xBC, 0x94, 0x63, 0x80, 0x04, 0x7C, 0xB2, 0xFC, 0x52, 0x8A, 0x5F, 0xDA, 0xAB, 0xD5, 0xAA,
    0xA5, 0x5C, 0xA8, 0x19, 0x00, 0x3F, 0x84, 0x10, 0xFE, 0x10, 0x43, 0xF8, 0x00, 0x3E, 0xFC, 0x51,
    0xFB, 0xF1, 0x47, 0xEF, 0x80, 0x40, 0x0F, 0xBE, 0x44, 0xBE, 0x92, 0x9F, 0x88, 0x1F, 0xF2, 0x02,
    0x7F, 0xC8, 0x09, 0xFF, 0x00, 0x20, 0x7F, 0x71, 0x08, 0x51, 0xFF, 0xA4, 0x48, 0x9F, 0xF2, 0x02,
    0x7F, 0xC8, 0x09, 0xFF, 0x00, 0x00, 0xFD, 0xE6, 0x95, 0x57, 0xFA, 0x21, 0xDF, 0xE9, 0x05, 0x3E,
    0xAA, 0x5E, 0x30, 0x39, 0x80, 0x01, 0x1D, 0xFE, 0x91, 0x51, 0x4A, 0xFF, 0xC0, 0x29, 0xF5, 0x22,
    0xA7, 0xDC, 0x88, 0x1F, 0x00, 0x7F, 0xC8, 0x09, 0xFF, 0x20, 0x2F, 0xFE, 0x22, 0x3F, 0xF9, 0x24,
    0xD5, 0x64, 0x93, 0x31, 0x80, 0x11, 0x02, 0x23, 0xFF, 0xC8, 0x99, 0x13, 0x22, 0x7F, 0xFC, 0x89,
    0x91, 0x32, 0x27, 0xFF, 0x80, 0x04, 0x0F, 0xF9, 0x11, 0x3F, 0xE4, 0x44, 0x88, 0x9F, 0xF0, 0x28,
    0x02, 0x01, 0xA7, 0xC3, 0x80, 0xFF, 0xE0, 0x81, 0xFF, 0x22, 0x27, 0xFC, 0x88, 0x9F, 0xF2, 0x20,
    0x24, 0x03, 0x03, 0x9F, 0x80, 0x22, 0x7F, 0xE2, 0x35, 0x5F, 0xF8, 0x01, 0xFC, 0x82, 0x7F, 0x20,
    0x9F, 0xC0, 0x20, 0x9F, 0x7C, 0x82, 0x7D, 0xF5, 0x15, 0x14, 0x5F, 0xF2, 0x02, 0x7F, 0xC8, 0x09,
    0xFF, 0x00, 0x7F, 0xC8, 0x09, 0xFF, 0x20, 0x2F, 0xFE, 0x90, 0x1E, 0xFA, 0x51, 0x5D, 0x5D, 0x10,
    0x2D, 0x80, 0x08, 0x1F, 0xFC, 0x40, 0x10, 0x03, 0xFC, 0xC0, 0xAF, 0xF1, 0x02, 0x3F, 0xC4, 0x08,
    0x87, 0x00, 0x7B, 0xE9, 0x45, 0x28, 0xBD, 0x74, 0xA0, 0x97, 0xDE, 0xCA, 0x55, 0x4A, 0x49, 0x56,
    0x6C, 0x80, 0x23, 0xFF, 0xC5, 0x0F, 0xA1, 0x17, 0xBE, 0x08, 0x7F, 0xF8, 0x20, 0x7F, 0xC0, 0x83,
    0xFF, 0x80, 0x04, 0x00, 0x83, 0xFF, 0x8A, 0x81, 0x50, 0x2A, 0x09, 0x21, 0x24, 0x44, 0x50, 0x84,
    0x10, 0x00, 0x04, 0x00, 0x81, 0xFF, 0x02, 0x00, 0x41, 0xFF, 0xC5, 0x40, 0xA8, 0x24, 0x98, 0x8C,
    0x10, 0x00, 0x04, 0x00, 0x83, 0xFF, 0x8A, 0x81, 0x50, 0x2A, 0x09, 0x21, 0x24, 0x5F, 0x50, 0x84,
    0x10, 0x00, 0x04, 0x80, 0x88, 0x10, 0x7F, 0xF1, 0x50, 0x2A, 0x09, 0x21, 0x24, 0x44, 0x50, 0x84,
    0x10, 0x00, 0x21, 0x04, 0x23, 0xE4, 0x10, 0x82, 0x18, 0xC2, 0x9C, 0x4D, 0x48, 0x21, 0x04, 0x20,
    0x84, 0x00, 0x27, 0x84, 0x93, 0xD2, 0x12, 0x42, 0x48, 0xC9, 0x1D, 0x25, 0x24, 0x24, 0xA4, 0x94,
    0xA3, 0x80, 0x60, 0x43, 0x30, 0x18, 0x0C, 0x86, 0x0C, 0x08, 0x3F, 0xF8, 0x20, 0x24, 0x88, 0x8A,
    0x30, 0x80, 0x10, 0x1F, 0xE0, 0x44, 0x10, 0x9C, 0x1E, 0x08, 0x3F, 0xF8, 0x20, 0x24, 0x98, 0x8C,
    0x30, 0x00, 0x20, 0x44, 0x0B, 0xEF, 0x90, 0x22, 0x04, 0xE4, 0x9A, 0x55, 0x0A, 0x20, 0x44, 0x08,
    0x87, 0x00, 0x04, 0x1F, 0xFC, 0x10, 0x3F, 0xE4, 0x44, 0x88, 0x9F, 0xF0, 0xA8, 0x24, 0x98, 0x8C,
    0x10, 0x00, 0x10, 0x03, 0xF0, 0x82, 0x68, 0x80, 0xE1, 0xE3, 0xC1, 0x03, 0xFE, 0x04, 0x04, 0x93,
    0x31, 0x80, 0x04, 0x0F, 0xF8, 0x10, 0x12, 0x41, 0x51, 0xFF, 0xC3, 0x80, 0xA8, 0x24, 0x98, 0x8C,
    0x10, 0x00, 0x20, 0x64, 0xF3, 0xD0, 0x12, 0x02, 0x7E, 0xC8, 0x5D, 0x8D, 0x2A, 0x24, 0x84, 0xA8,
    0xA8, 0x80, 0x21, 0x04, 0x23, 0xFF, 0x90, 0x82, 0x10, 0xC7, 0x1D, 0x55, 0x49, 0x21, 0x04, 0x20,
    0x84, 0x00, 0x7F, 0xC8, 0x89, 0xFF, 0x22, 0x27, 0xFC, 0x08, 0x3F, 0xF8, 0xA8, 0x24, 0x98, 0x8C,
    0x10, 0x00, 0x20, 0x84, 0x13, 0xDF, 0x90, 0x42, 0x08, 0xCF, 0xDD, 0x0D, 0x21, 0x22, 0x44, 0x30,
    0xB9, 0x80, 0x21, 0x04, 0x53, 0xD1, 0x14, 0x12, 0x7C, 0xC8, 0x9D, 0x15, 0x2E, 0x24, 0x04, 0x84,
    0x8F, 0x80, 0x21, 0x04, 0x23, 0xDF, 0x90, 0x82, 0x10, 0xC2, 0x1D, 0xF5, 0x22, 0x24, 0x44, 0x88,
    0x9F, 0x00, 0x20, 0x1F, 0x7C, 0xA8, 0xA5, 0x19, 0xBE, 0x00, 0x01, 0x07, 0xFF, 0x15, 0x04, 0x93,
    0x11, 0x80, 0x2F, 0xE4, 0x23, 0xC4, 0x17, 0xF2, 0x92, 0xD2, 0x5E, 0xAD, 0x63, 0x28, 0x25, 0x04,
    0xA1, 0x80, 0x20, 0x9F, 0xFC, 0x82, 0x1F, 0xC2, 0x08, 0x7F, 0x01, 0x07, 0xFF, 0x15, 0x04, 0x93,
    0x11, 0x80, 0x84, 0x0B, 0xF0, 0x12, 0x42, 0x44, 0x8B, 0x21, 0xC1, 0x07, 0xFF, 0x15, 0x04, 0x93,
    0x11, 0x80, 0x27, 0xE4, 0x83, 0xD0, 0x13, 0xF2, 0x42, 0xC8, 0x5D, 0x0D, 0x3F, 0x24, 0x04, 0x80,
    0x9F, 0x80, 0x04, 0x1F, 0xFC, 0x54, 0x12, 0x4F, 0xFE, 0x41, 0x0F, 0xE1, 0x04, 0x3F, 0x80, 0x03,
    0xFF, 0x80, 0x22, 0x17, 0x4E, 0x8E, 0x51, 0x0B, 0xE3, 0xC7, 0xC1, 0x07, 0xFF, 0x0D, 0x06, 0x93,
    0x11, 0x80, 0x27, 0xC4, 0x03, 0xC0, 0x17, 0xF2, 0x10, 0xC2, 0x1D, 0x55, 0x29, 0x25, 0x25, 0x24,
    0x8C, 0x00, 0x22, 0x05, 0xFF, 0xD0, 0x14, 0x82, 0x90, 0xDF, 0xDC, 0x45, 0x2A, 0x25, 0x25, 0x24,
    0x8C, 0x00, 0x20, 0x45, 0xCB, 0xCF, 0x95, 0x22, 0xA4, 0xCA, 0x9D, 0x35, 0x52, 0x2A, 0x46, 0x08,
    0x83, 0x00, 0x2F, 0xE4, 0x53, 0xCA, 0x17, 0xF2, 0xAA, 0xD5, 0x5E, 0xAD, 0x57, 0x2C, 0x25, 0x04,
    0xBF, 0x80, 0x21, 0x05, 0xFF, 0xC0, 0x12, 0x22, 0x82, 0xC8, 0x9D, 0x15, 0x14, 0x21, 0x04, 0x50,
    0xB1, 0x80, 0x24, 0x44, 0x53, 0xFF, 0x90, 0x82, 0x10, 0xCF, 0x9C, 0x45, 0x08, 0x2F, 0xE4, 0x20,
    0x84, 0x00, 0x27, 0xE4, 0x87, 0xDF, 0x92, 0x12, 0x42, 0xCF, 0xDD, 0x25, 0x25, 0x24, 0x44, 0xA8,
    0x98, 0x80, 0x22, 0x04, 0x7B, 0xD1, 0x15, 0x42, 0x10, 0xC5, 0x1B, 0x1D, 0xBE, 0x24, 0x44, 0x88,
    0x9F, 0x00, 0x21, 0x05, 0x27, 0xD5, 0x10, 0x82, 0xFE, 0xC0, 0x5C, 0x0D, 0x7F, 0x20, 0x24, 0x04,
    0xBF, 0x80, 0x2F, 0xC4, 0x53, 0xC4, 0x17, 0xF2, 0x92, 0xDF, 0xDE, 0x4D, 0x7F, 0x29, 0x25, 0x24,
    0xA5, 0x80, 0x24, 0x44, 0x53, 0xFF, 0x90, 0x92, 0xFE, 0xD2, 0x1B, 0xFD, 0x99, 0x25, 0x25, 0x2C,
    0x84, 0x00, 0x40, 0xA8, 0x17, 0xBF, 0xA0, 0x44, 0xAB, 0xD5, 0x77, 0xEA, 0x52, 0x4A, 0x49, 0x55,
    0x4C, 0x80, 0x21, 0x04, 0x53, 0xD1, 0x14, 0x12, 0x7C, 0xC0, 0x1A, 0x8D, 0xAA, 0x25, 0x44, 0x10,
    0xBF, 0x80, 0x2E, 0xE5, 0x57, 0xEA, 0x97, 0x72, 0xAA, 0xD5, 0x5F, 0xBD, 0x55, 0x2A, 0xA5, 0x54,
    0xDD, 0x80, 0x04, 0x1F, 0xFC, 0x54, 0x12, 0x4C, 0x46, 0x41, 0x3E, 0xF9, 0x04, 0x71, 0xD5, 0x54,
    0x82, 0x00, 0x21, 0x05, 0xFF, 0xC4, 0x11, 0x42, 0x44, 0xDF, 0xDC, 0x15, 0x3A, 0x25, 0x44, 0xE8,
    0x83, 0x00, 0x29, 0x24, 0xAB, 0xFF, 0x91, 0xC2, 0x54, 0xD2, 0x5C, 0x85, 0x7F, 0x22, 0x44, 0x70,
    0xB1, 0x80, 0x22, 0x85, 0x53, 0xEB, 0x95, 0x82, 0xA4, 0xC4, 0x5C, 0x05, 0x7F, 0x2A, 0xA5, 0x54,
    0xFF, 0x80, 0x22, 0x85, 0xFF, 0xCA, 0x17, 0xF2, 0xAA, 0xDF, 0xDE, 0xAD, 0x7F, 0x24, 0x44, 0x88,
    0x9F, 0x00, 0x22, 0x85, 0xFF, 0xCA, 0x13, 0xE2, 0x44, 0xCF, 0x9D, 0x15, 0x7F, 0x21, 0x04, 0x50,
    0xB1, 0x80, 0x22, 0x84, 0xFB, 0xCA, 0x17, 0xF2, 0x10, 0xCF, 0x9D, 0x55, 0x3E, 0x25, 0x44, 0xF8,
    0xB1, 0x80, 0x2E, 0xA4, 0x5B, 0xAA, 0x92, 0x22, 0x7C, 0xD0, 0x59, 0xF5, 0xA2, 0x27, 0xC4, 0x50,
    0xBF, 0x80, 0x84, 0x08, 0x81, 0x1F, 0x84, 0x11, 0x14, 0x02, 0x10, 0x42, 0x14, 0x42, 0x90, 0x8A,
    0x60, 0x80, 0x04, 0x1E, 0x80, 0x5F, 0xCA, 0x15, 0x94, 0xA2, 0x08, 0x41, 0x14, 0x52, 0x8A, 0x8A,
    0x20, 0x80, 0x51, 0x11, 0x20, 0x87, 0xA9, 0x18, 0xAA, 0x09, 0x3E, 0x24, 0x44, 0x89, 0x51, 0x2B,
    0xE8, 0x80, 0x04, 0x00, 0x80, 0x10, 0x12, 0x02, 0x7C, 0x48, 0x09, 0x01, 0x20, 0x24, 0x04, 0x83,
    0xFF, 0x80, 0xFF, 0xE0, 0x80, 0x10, 0x02, 0x02, 0x40, 0x4F, 0x89, 0x01, 0x20, 0x24, 0x04, 0x83,
    0xFF, 0x80, 0x11, 0x02, 0x20, 0x44, 0xA8, 0xA5, 0xD8, 0xA2, 0x14, 0x42, 0x88, 0x51, 0x2B, 0xA7,
    0x83, 0x80, 0x04, 0x04, 0xF8, 0x90, 0x12, 0x0F, 0xFE, 0x08, 0x09, 0x16, 0x24, 0x01, 0x00, 0xC1,
    0xE0, 0x00, 0x7D, 0x40, 0x27, 0xFF, 0x80, 0x81, 0x10, 0xA2, 0x17, 0x42, 0x84, 0x50, 0xAB, 0x8F,
    0x80, 0x80, 0xFF, 0xE1, 0x80, 0xD6, 0x62, 0x30, 0x40, 0x00, 0x3F, 0xF8, 0x20, 0x27, 0xC4, 0x83,
    0xFF, 0x80, 0xFF, 0xE4, 0x40, 0x88, 0x1D, 0x14, 0xA4, 0x97, 0x2A, 0x80, 0x90, 0x12, 0x24, 0x47,
    0x07, 0x80, 0xF1, 0x08, 0x21, 0x09, 0x3A, 0x29, 0xFB, 0x20, 0x15, 0xF9, 0x21, 0x24, 0x28, 0x86,
    0x1F, 0x80, 0xF1, 0x48, 0x25, 0x07, 0xBB, 0x89, 0x11, 0x23, 0xD5, 0xC1, 0x09, 0x20, 0xC8, 0x36,
    0x39, 0x80, 0x19, 0xCC, 0x29, 0x05, 0x3C, 0xA4, 0x66, 0xF0, 0x10, 0xFA, 0x11, 0xF9, 0x48, 0x11,
    0x1D, 0x80, 0x43, 0xD3, 0x4A, 0x29, 0x6D, 0x28, 0xC7, 0xF0, 0x01, 0xFF, 0xD1, 0x22, 0x47, 0x33,
    0x19, 0x80, 0x3F, 0xC4, 0x08, 0x91, 0x11, 0x2F, 0xFE, 0x80, 0x91, 0x12, 0x12, 0x7F, 0xE0, 0x08,
    0x06, 0x00, 0x82, 0x10, 0x42, 0x08, 0xC1, 0x2F, 0xB9, 0x04, 0x20, 0x84, 0x10, 0x82, 0x33, 0x47,
    0x87, 0x80, 0x07, 0xDF, 0x00, 0x20, 0x07, 0xEF, 0x80, 0x10, 0x03, 0xFF, 0xC0, 0x08, 0x01, 0x04,
    0x1F, 0x80, 0x04, 0x1F, 0xFC, 0x82, 0x1F, 0xC0, 0x01, 0xFF, 0xE1, 0xCB, 0xC0, 0x0F, 0xDF, 0x04,
    0x1F, 0x80, 0xFF, 0xD0, 0x0A, 0x01, 0x7F, 0xE8, 0x41, 0x08, 0x3F, 0xFC, 0x10, 0x81, 0x13, 0x17,
    0x81, 0x80, 0x40, 0x0F, 0xFA, 0x00, 0x3F, 0xC0, 0x01, 0xFF, 0x00, 0x20, 0x04, 0x00, 0xA0, 0x14,
    0x01, 0x00, 0x04, 0x00, 0x80, 0x10, 0xFB, 0x21, 0x68, 0x2A, 0x09, 0x41, 0x24, 0x44, 0x50, 0x84,
    0x70, 0x00, 0x04, 0x80, 0x8B, 0xFF, 0x82, 0x04, 0x44, 0x4D, 0x01, 0x40, 0x64, 0x34, 0x58, 0x84,
    0x70, 0x00, 0x4F, 0xE5, 0x04, 0x20, 0xC4, 0x14, 0x44, 0x08, 0x81, 0x12, 0x14, 0x41, 0x10, 0x52,
    0x31, 0x80, 0x4F, 0xC4, 0x00, 0x00, 0x4F, 0xF4, 0x20, 0x08, 0x01, 0xF2, 0x02, 0x40, 0x50, 0x0A,
    0x06, 0x00, 0x88, 0x09, 0xF8, 0x40, 0x47, 0xC4, 0x00, 0x3F, 0x00, 0x22, 0x04, 0x40, 0xB0, 0x16,
    0x01, 0x00, 0x9F, 0xEA, 0x04, 0x40, 0xC3, 0xC4, 0x48, 0x09, 0x01, 0x22, 0x24, 0x44, 0xB1, 0x16,
    0x43, 0x80, 0x41, 0x04, 0x20, 0x25, 0x44, 0x94, 0x92, 0x22, 0x00, 0x4A, 0x02, 0x40, 0x90, 0x62,
    0x70, 0x00, 0x44, 0x04, 0xFC, 0x20, 0xC9, 0x14, 0x22, 0x04, 0x41, 0x2A, 0x25, 0x4F, 0x70, 0x06,
    0x03, 0x00, 0x47, 0x84, 0x90, 0x12, 0x42, 0x45, 0x8E, 0x00, 0x03, 0xF2, 0x42, 0x44, 0x90, 0x62,
    0x73, 0x80, 0x42, 0x04, 0x40, 0x12, 0x44, 0x25, 0xFA, 0x00, 0x43, 0xF2, 0x42, 0x48, 0x51, 0x0A,
    0x3F, 0x00, 0x4F, 0xE4, 0x44, 0x08, 0xC2, 0x15, 0x8E, 0x00, 0x03, 0xFA, 0x41, 0x48, 0x31, 0x06,
    0x3F, 0x80, 0x41, 0x04, 0x20, 0x3F, 0x40, 0x84, 0x10, 0x3F, 0xC0, 0x82, 0x22, 0x44, 0x51, 0x36,
    0x78, 0x80, 0x4F, 0xE5, 0x04, 0x20, 0xC7, 0xF4, 0x80, 0x14, 0x02, 0x9A, 0x5C, 0x4A, 0x11, 0x46,
    0x47, 0x80, 0x82, 0x08, 0x20, 0x7F, 0xC0, 0x84, 0x10, 0x02, 0x03, 0xF2, 0x08, 0x41, 0x10, 0x22,
    0x7F, 0x80, 0x4F, 0xE5, 0x04, 0x11, 0x41, 0xC4, 0xC6, 0x02, 0x01, 0xF2, 0x08, 0x4F, 0xF0, 0x22,
    0x04, 0x00, 0x49, 0x05, 0x20, 0x3F, 0x48, 0x84, 0x10, 0x3F, 0xC1, 0x22, 0x24, 0x48, 0xB1, 0x16,
    0x43, 0x80, 0x9F, 0xEA, 0x04, 0x5E, 0xC8, 0x15, 0x7A, 0x29, 0x45, 0x2A, 0xA5, 0x57, 0xB2, 0x06,
    0x41, 0x80, 0x40, 0xC5, 0xE0, 0x04, 0x40, 0x85, 0xFE, 0x02, 0x00, 0x42, 0x7E, 0x48, 0x51, 0x0A,
    0x3F, 0x00, 0x82, 0x0B, 0xFC, 0x10, 0x44, 0x25, 0xFA, 0x00, 0x02, 0xA2, 0x54, 0x4A, 0x91, 0x56,
    0x4B, 0x80, 0xBE, 0x2C, 0x54, 0xAA, 0xD5, 0x56, 0xAA, 0x55, 0x4A, 0xAB, 0x55, 0x48, 0x32, 0x86,
    0x8B, 0x80, 0x42, 0x05, 0xF8, 0x21, 0x47, 0xE4, 0x84, 0x1F, 0x82, 0x4A, 0x4A, 0x48, 0x91, 0x4A,
    0x30, 0x80, 0x88, 0x09, 0xFC, 0x40, 0x47, 0xE4, 0xA4, 0x12, 0x87, 0xFA, 0x52, 0x49, 0x51, 0xFE,
    0x01, 0x00, 0x83, 0x88, 0x88, 0x60, 0xC3, 0xE4, 0x10, 0x02, 0x07, 0xFA, 0x08, 0x49, 0x52, 0x26,
    0x0C, 0x00, 0x49, 0x24, 0xA8, 0x04, 0x47, 0xF4, 0x82, 0x1F, 0xC2, 0x0A, 0x7F, 0x48, 0x31, 0x06,
    0x21, 0x80, 0x4F, 0xC4, 0x50, 0x04, 0x47, 0xF4, 0x92, 0x1F, 0xC2, 0x4A, 0x7F, 0x49, 0x31, 0x26,
    0x25, 0x80, 0x88, 0x88, 0xA0, 0x7F, 0x41, 0x25, 0xFC, 0x24, 0x07, 0xFA, 0x31, 0x4A, 0x36, 0x5A,
    0x08, 0x00, 0x88, 0x89, 0x10, 0xFF, 0xC4, 0x44, 0x88, 0x33, 0x07, 0x73, 0x55, 0x48, 0x91, 0x12,
    0x22, 0x00, 0x90, 0x89, 0x10, 0xF5, 0x49, 0x15, 0x00, 0x39, 0x05, 0x12, 0xA0, 0x55, 0x12, 0x92,
    0xB1, 0x00, 0x9F, 0xEA, 0x04, 0x0A, 0x42, 0x25, 0x82, 0x02, 0x07, 0xFA, 0x08, 0x43, 0x90, 0xAA,
    0x64, 0x80, 0x4F, 0xC4, 0x40, 0x08, 0x4F, 0xF4, 0x48, 0x10, 0x84, 0x8A, 0x5A, 0x4A, 0xB2, 0x56,
    0x18, 0x00, 0x41, 0x05, 0xF8, 0x04, 0x47, 0xE4, 0x10, 0x3F, 0xC2, 0x12, 0x7E, 0x48, 0x51, 0xFA,
    0x21, 0x00, 0x81, 0x0B, 0xFC, 0x04, 0x47, 0xE4, 0x10, 0x3F, 0xC2, 0x12, 0x4A, 0x49, 0x50, 0x52,
    0x71, 0x80, 0x84, 0x2B, 0xD8, 0x22, 0x4A, 0x45, 0x4E, 0x3D, 0x41, 0x2A, 0x35, 0x5C, 0xB0, 0x96,
    0x14, 0x80, 0x47, 0xC4, 0x88, 0x1F, 0x42, 0x24, 0x7C, 0x00, 0x03, 0xFA, 0x55, 0x4A, 0xB1, 0x56,
    0x7F, 0x80, 0x4F, 0xC5, 0x08, 0x3F, 0x44, 0x24, 0xFC, 0x08, 0x03, 0xFA, 0x89, 0x4A, 0xB1, 0xF6,
    0x01, 0x80, 0x91, 0x09, 0x20, 0xF7, 0xC9, 0x05, 0x1C, 0x38, 0x85, 0x22, 0xBF, 0x54, 0x92, 0x92,
    0xB6, 0x00, 0x9F, 0xCA, 0x08, 0x7F, 0x48, 0x25, 0xFC, 0x0A, 0x09, 0x4A, 0xAA, 0x4D, 0x90, 0xA2,
    0xFF, 0x80, 0x41, 0x05, 0xF8, 0x25, 0x47, 0xE4, 0x10, 0x3F, 0xC2, 0x12, 0x4A, 0x49, 0x50, 0x52,
    0x31, 0x80, 0xBE, 0xAC, 0x54, 0xAB, 0xD5, 0xC6, 0xA8, 0x55, 0xCA, 0xE3, 0x55, 0x48, 0x52, 0x96,
    0x8C, 0x80, 0x9F, 0xEA, 0x20, 0x5F, 0x4A, 0x25, 0x7C, 0x28, 0x85, 0xF2, 0x88, 0x55, 0x52, 0xA6,
    0xAC, 0x80, 0x4F, 0xC5, 0x08, 0x39, 0x45, 0x25, 0xFE, 0x20, 0x43, 0xF2, 0x42, 0x4F, 0xD1, 0x0A,
    0x23, 0x00, 0x8A, 0x4B, 0xFC, 0x29, 0x40, 0x05, 0xFE, 0x24, 0x43, 0xF2, 0x52, 0x4A, 0x51, 0x5A,
    0x08, 0x00, 0x84, 0x8B, 0xFC, 0x12, 0x4F, 0xF4, 0x48, 0x3F, 0xC5, 0x2A, 0xA5, 0x5B, 0x72, 0x06,
    0x41, 0x80, 0x4F, 0xE4, 0x50, 0x3F, 0xC5, 0x54, 0xFE, 0x00, 0x01, 0xF2, 0x00, 0x4F, 0xF0, 0xAA,
    0x2C, 0x80, 0x81, 0x0B, 0xFC, 0x15, 0x44, 0x95, 0x28, 0x18, 0xC4, 0x4A, 0x4A, 0x45, 0x91, 0x2A,
    0x4C, 0x80, 0x81, 0x0B, 0xFC, 0x0A, 0x44, 0x94, 0xAA, 0x1F, 0xC0, 0x42, 0xFF, 0x52, 0xB2, 0xEE,
    0x40, 0x80, 0x84, 0x8B, 0xFC, 0x12, 0x47, 0xE4, 0x84, 0x1F, 0x82, 0x12, 0xFF, 0x43, 0x10, 0x92,
    0x61, 0x80, 0x4F, 0xC5, 0x08, 0x3F, 0x44, 0x25, 0xFE, 0x29, 0x47, 0xFA, 0x42, 0x44, 0x90, 0x62,
    0x73, 0x80, 0x44, 0x45, 0xDC, 0x11, 0x4F, 0x74, 0x44, 0x35, 0x43, 0xF2, 0x42, 0x4F, 0xD1, 0x0A,
    0x3F, 0x00, 0x84, 0xEB, 0xD4, 0x12, 0xCF, 0x75, 0x2A, 0x3D, 0x44, 0xBA, 0xF5, 0x44, 0xB3, 0xD6,
    0x15, 0x80, 0x88, 0x8B, 0xD0, 0x4B, 0xCF, 0x95, 0x2A, 0x3D, 0x41, 0x2A, 0xFD, 0x4A, 0x51, 0x56,
    0x5C, 0x80, 0x44, 0x45, 0xFC, 0x11, 0x45, 0x54, 0xEE, 0x09, 0x01, 0xFA, 0x64, 0x57, 0xF0, 0x92,
    0x1F, 0x80, 0x04, 0x00, 0x80, 0x91, 0x12, 0x24, 0x48, 0x08, 0x02, 0x80, 0x50, 0x11, 0x04, 0x13,
    0x01, 0x80, 0xFF, 0xE0, 0x80, 0x10, 0x12, 0x22, 0x44, 0x89, 0x02, 0x80, 0x50, 0x11, 0x04, 0x13,
    0x01, 0x80, 0x27, 0xE4, 0x12, 0x82, 0x58, 0x4A, 0x08, 0x41, 0x08, 0x21, 0x04, 0x50, 0x8A, 0x12,
    0x0E, 0x00, 0x20, 0x1F, 0xFC, 0x80, 0x11, 0x02, 0xA4, 0x54, 0x8C, 0xA2, 0x10, 0x45, 0x11, 0x10,
    0xC1, 0x80, 0x04, 0x1F, 0xFE, 0x00, 0x82, 0x02, 0x44, 0x48, 0x92, 0xA0, 0x50, 0x11, 0x04, 0x13,
    0x01, 0x80, 0x27, 0xE4, 0x82, 0x90, 0x5B, 0xFA, 0x42, 0x48, 0x49, 0x09, 0x3F, 0x54, 0x0A, 0x82,
    0x1F, 0x80, 0x44, 0x48, 0x89, 0xFF, 0x10, 0x0F, 0xFE, 0x44, 0x0A, 0x92, 0x94, 0x42, 0x11, 0xB0,
    0xC1, 0x80, 0x24, 0x04, 0xFE, 0xA0, 0xDB, 0xDA, 0x4A, 0x49, 0x49, 0xE9, 0x23, 0x54, 0x0A, 0x86,
    0x0F, 0x80, 0x22, 0x04, 0x42, 0x8F, 0xDA, 0x8A, 0x90, 0x43, 0xC8, 0x41, 0x08, 0x51, 0xEA, 0x22,
    0x04, 0x00, 0x04, 0x00, 0xFC, 0x10, 0x02, 0x07, 0xFC, 0x80, 0x90, 0x13, 0xFE, 0x00, 0x0A, 0x4A,
    0x24, 0x80, 0x22, 0x05, 0xFE, 0x90, 0x5F, 0x8A, 0x90, 0x5F, 0xC8, 0x41, 0x2A, 0x55, 0x29, 0x26,
    0x0C, 0x00, 0x20, 0xC4, 0xE2, 0xD0, 0x54, 0x8A, 0x90, 0x5F, 0xC8, 0x41, 0x2A, 0x55, 0x29, 0x26,
    0x0C, 0x00, 0x24, 0x44, 0x52, 0xBF, 0xD8, 0x0A, 0x00, 0x40, 0x09, 0xF1, 0x00, 0x50, 0x0A, 0x02,
    0x3F, 0x80, 0x2F, 0xE5, 0x06, 0xA4, 0xDC, 0x9A, 0xFE, 0x52, 0x4A, 0xA9, 0x55, 0x5C, 0x69, 0x06,
    0x3F, 0x80, 0x22, 0x04, 0x4E, 0xBE, 0x59, 0x2A, 0x1A, 0x5C, 0xC8, 0x01, 0x7F, 0x52, 0x8A, 0x96,
    0x23, 0x80, 0x27, 0xE4, 0x86, 0x90, 0xDB, 0xFA, 0x44, 0x48, 0x8A, 0x89, 0x4D, 0x50, 0x0A, 0xC2,
    0x07, 0x00, 0x21, 0x1E, 0xF8, 0x85, 0x10, 0xA3, 0x65, 0xC4, 0x89, 0x4B, 0x25, 0x00, 0x0A, 0x4A,
    0x24, 0x80, 0x27, 0xC4, 0x8A, 0x9F, 0x5A, 0x2A, 0x7C, 0x40, 0x09, 0xF1, 0x08, 0x5F, 0xEA, 0x22,
    0x04, 0x00, 0x22, 0x0F, 0xFF, 0x08, 0x3F, 0xE4, 0x20, 0xFF, 0x90, 0x83, 0xFF, 0x00, 0x0A, 0x4A,
    0x24, 0x80, 0x22, 0x04, 0x7A, 0xD1, 0x54, 0x4A, 0x20, 0x59, 0xCA, 0x09, 0x77, 0x58, 0x29, 0x06,
    0x3F, 0x80, 0x41, 0x4F, 0x25, 0x3F, 0x54, 0x81, 0x10, 0xA5, 0x09, 0x16, 0x41, 0x00, 0x0A, 0x4A,
    0x24, 0x80, 0x24, 0x45, 0xFE, 0x91, 0x5B, 0xEA, 0x44, 0x4F, 0x88, 0x41, 0x7F, 0x53, 0x8A, 0xAA,
    0x24, 0x80, 0xF4, 0x12, 0xFE, 0x60, 0xFB, 0xD9, 0x4B, 0x29, 0x65, 0xEF, 0x83, 0x00, 0x0A, 0x4A,
    0x24, 0x80, 0x22, 0x05, 0xFA, 0xA1, 0x5F, 0xEA, 0x84, 0x5F, 0x8A, 0x11, 0x7E, 0x55, 0x09, 0x8A,
    0x5E, 0x80, 0x42, 0x72, 0x73, 0xE8, 0xC4, 0xFF, 0xA5, 0x17, 0x3E, 0x8C, 0x4F, 0x00, 0x0A, 0x4A,
    0x24, 0x80, 0x7F, 0xC0, 0x83, 0xFF, 0x82, 0x07, 0xFC, 0xAA, 0x9F, 0xF0, 0x20, 0xFF, 0xEA, 0x4A,
    0x24, 0x80, 0x11, 0x1F, 0xA1, 0x2F, 0x3C, 0xA1, 0x35, 0xFA, 0x84, 0xA9, 0xA1, 0x00, 0x0A, 0x4A,
    0x24, 0x80, 0x2E, 0xA5, 0x56, 0xAF, 0xDB, 0x4A, 0xA8, 0x49, 0x0A, 0x52, 0x91, 0x40, 0x11, 0x4A,
    0x44, 0x80, 0x27, 0xC4, 0x8A, 0xDF, 0x57, 0x7A, 0xAA, 0x5D, 0xC8, 0x41, 0x7F, 0x53, 0x8A, 0xAA,
    0x24, 0x80, 0x27, 0xC4, 0x8A, 0x9F, 0x5A, 0x2A, 0xFE, 0x45, 0x0B, 0xF9, 0x2A, 0x5B, 0xAA, 0xAA,
    0x2C, 0x80, 0x03, 0xCF, 0x91, 0x12, 0x22, 0x44, 0x48, 0x89, 0x11, 0x22, 0x24, 0x44, 0x48, 0x8A,
    0x10, 0x80, 0x1C, 0x1D, 0x7E, 0xAA, 0xD5, 0x5A, 0xBF, 0x54, 0x2A, 0x8D, 0x51, 0xA9, 0xF4, 0x82,
    0x8F, 0x80, 0x21, 0x04, 0x20, 0x84, 0x1F, 0xF2, 0x00, 0x40, 0x0F, 0xE1, 0x04, 0x40, 0x88, 0x12,
    0x02, 0x00, 0x7F, 0xC4, 0x20, 0x84, 0x20, 0x87, 0xFE, 0x06, 0x01, 0x40, 0x48, 0x31, 0x18, 0x20,
    0x1C, 0x00, 0x22, 0x14, 0x43, 0xCF, 0xD2, 0x22, 0xA4, 0x64, 0xB8, 0xA1, 0x14, 0x21, 0x04, 0x50,
    0xB1, 0x80, 0x24, 0x14, 0x83, 0xDF, 0xD5, 0x52, 0x2A, 0x65, 0x79, 0x29, 0x29, 0x29, 0x24, 0x44,
    0x93, 0x00, 0x24, 0x94, 0x93, 0xDF, 0xD2, 0x42, 0x88, 0x61, 0x39, 0xF9, 0x04, 0x20, 0x84, 0x10,
    0xBF, 0x80, 0x04, 0x1F, 0xFC, 0x44, 0x10, 0x4F, 0xFF, 0x48, 0x4F, 0xF2, 0x20, 0x04, 0x1F, 0xFC,
    0x10, 0x00, 0x21, 0x14, 0xFB, 0xC4, 0x50, 0x82, 0xFE, 0x60, 0xBB, 0xF9, 0x22, 0x22, 0x44, 0x08,
    0x87, 0x00, 0x2F, 0xF4, 0x53, 0xCA, 0x57, 0xF2, 0xAA, 0x75, 0x7A, 0xA9, 0x57, 0x2C, 0x25, 0x04,
    0xBF, 0x80, 0x21, 0x44, 0x26, 0x84, 0x37, 0xF2, 0x10, 0x45, 0x08, 0xA3, 0x14, 0xA4, 0x44, 0x88,
    0xA0, 0x80, 0xAF, 0xE8, 0x21, 0x04, 0x50, 0x82, 0x10, 0x5F, 0xD8, 0x45, 0x08, 0x21, 0x04, 0x23,
    0x3F, 0x80, 0xAF, 0xC9, 0x09, 0x21, 0x57, 0xE2, 0x84, 0x50, 0x9B, 0xF5, 0x42, 0x28, 0x45, 0x0B,
    0x7F, 0x80, 0xA1, 0x09, 0xFD, 0x20, 0xD4, 0x52, 0x08, 0x5F, 0xD8, 0x25, 0x24, 0x22, 0x84, 0x13,
    0x06, 0x00, 0xA1, 0x08, 0x21, 0x3F, 0xD4, 0x92, 0x92, 0x52, 0x5B, 0xFD, 0x08, 0x21, 0x44, 0x37,
    0x38, 0x80, 0xA1, 0x09, 0xFD, 0x04, 0x54, 0x92, 0x54, 0x42, 0x1B, 0xFD, 0x08, 0x22, 0x84, 0x8B,
    0x60, 0x80, 0xA4, 0x89, 0xF9, 0x12, 0x52, 0x43, 0xFE, 0x40, 0x1B, 0xF5, 0x42, 0x2F, 0xC5, 0x0B,
    0x3F, 0x00, 0x04, 0x1F, 0xFD, 0x11, 0x15, 0x40, 0x40, 0x94, 0xA7, 0xC8, 0x20, 0xFF, 0xE0, 0x80,
    0x10, 0x00, 0x0F, 0xDC, 0x01, 0x00, 0x20, 0x05, 0xFF, 0xC9, 0x11, 0x22, 0x24, 0x68, 0xB9, 0x14,
    0x43, 0x80, 0x0F, 0xFE, 0x10, 0x84, 0x10, 0x82, 0x35, 0xEA, 0x4A, 0x49, 0x08, 0x31, 0x18, 0x20,
    0x04, 0x00, 0x0F, 0xDD, 0x09, 0x25, 0x24, 0xA4, 0x95, 0xD2, 0x92, 0x52, 0x08, 0x62, 0xB8, 0x94,
    0x63, 0x80, 0x01, 0x1D, 0xFD, 0x24, 0xA4, 0x84, 0xFF, 0xD8, 0x52, 0x8A, 0x4A, 0x68, 0x99, 0x28,
    0x58, 0x80, 0x01, 0x5C, 0x25, 0x3F, 0xA0, 0x84, 0x93, 0xCA, 0x90, 0x62, 0x1A, 0x65, 0x39, 0x20,
    0x0C, 0x00, 0x0F, 0xFD, 0x25, 0x24, 0xA7, 0xF4, 0x93, 0xD2, 0x53, 0xFA, 0x08, 0x6F, 0xF8, 0x20,
    0x7F, 0x80, 0xFB, 0xE4, 0x13, 0xEF, 0x90, 0x4F, 0xBE, 0x10, 0x01, 0x22, 0x88, 0x96, 0x43, 0x17,
    0xBE, 0x00, 0x01, 0x1D, 0xFD, 0x0A, 0x24, 0x94, 0xAB, 0xDF, 0xD0, 0x42, 0x7F, 0x6A, 0xB9, 0xEC,
    0x20, 0x80, 0xFF, 0xE2, 0x00, 0x40, 0x0F, 0x82, 0x10, 0x52, 0x09, 0x41, 0x18, 0x41, 0x29, 0xA5,
    0xC7, 0x80, 0x44, 0x08, 0x81, 0xFF, 0x22, 0x08, 0x40, 0x08, 0x1F, 0xF0, 0x20, 0x04, 0x00, 0x83,
    0xFF, 0x80, 0x7F, 0xD1, 0x14, 0x45, 0xFF, 0x44, 0x51, 0x17, 0xFD, 0x11, 0x44, 0x51, 0x18, 0x4C,
    0xFF, 0xF0, 0x86, 0x10, 0xFF, 0xF8, 0x43, 0x08, 0x7F, 0xF8, 0x20, 0x04, 0x00, 0x80, 0x10, 0x00,
    0x08, 0x1F, 0xF2, 0x22, 0x44, 0x4F, 0xF9, 0x11, 0x22, 0x27, 0xFC, 0x08, 0x21, 0x04, 0x1F, 0x80,
    0x7F, 0xC8, 0x89, 0xFF, 0x22, 0x27, 0xFC, 0x08, 0x3F, 0xF8, 0x41, 0x10, 0x24, 0x07, 0x07, 0x00,
    0x7F, 0xC8, 0x89, 0xFF, 0x22, 0x27, 0xFC, 0x22, 0x08, 0x26, 0x8B, 0x11, 0x04, 0x23, 0x04, 0x00,
    0x7F, 0xC8, 0x89, 0xFF, 0x22, 0x27, 0xFC, 0x00, 0x3F, 0xFA, 0x10, 0x41, 0x49, 0x91, 0xC1, 0x80,
    0x1B, 0xFC, 0x26, 0x04, 0xC5, 0x1F, 0x46, 0x00, 0x1F, 0xF2, 0x22, 0x7F, 0xC8, 0x89, 0xFF, 0x00,
    0x01, 0x1F, 0x3E, 0xA8, 0xD6, 0xAA, 0x89, 0xF2, 0xAB, 0x8D, 0x5F, 0xAA, 0x3F, 0x44, 0x0F, 0x80,
    0x00, 0x9F, 0x7E, 0xA2, 0x54, 0xAA, 0xA3, 0xFF, 0xEA, 0x0D, 0x5D, 0xAA, 0xBF, 0x74, 0x01, 0x80,
    0xF1, 0x03, 0xFC, 0x88, 0x12, 0x2A, 0xFB, 0x60, 0x29, 0x55, 0x2A, 0xB5, 0x58, 0xA8, 0x25, 0x80,
    0x9B, 0xFC, 0x06, 0x25, 0x7C, 0x44, 0x3E, 0xF1, 0x68, 0x27, 0xD7, 0x22, 0x8A, 0xB2, 0x31, 0x80,
    0x02, 0x0F, 0xFD, 0x00, 0x6F, 0xE4, 0x08, 0x82, 0x30, 0x82, 0x10, 0x42, 0x08, 0x42, 0x38, 0x00,
    0x02, 0x0F, 0xFD, 0x00, 0x67, 0xC4, 0x88, 0xE1, 0xF0, 0x02, 0xFE, 0x48, 0x88, 0xE2, 0xE3, 0x80,
    0x02, 0x0F, 0xFD, 0x00, 0x6F, 0xE5, 0x04, 0xB1, 0xB5, 0x52, 0x92, 0x55, 0x4B, 0x1E, 0x80, 0x80,
    0x02, 0x0F, 0xFD, 0x00, 0x64, 0x04, 0xFC, 0xA4, 0x30, 0x82, 0xFF, 0x45, 0x09, 0x12, 0xC1, 0x80,
    0x02, 0x0F, 0xFD, 0x00, 0x6F, 0xF4, 0x10, 0xBF, 0xF4, 0x4A, 0x95, 0x5C, 0x6A, 0x06, 0x41, 0x80,
    0x02, 0x0F, 0xFD, 0x00, 0x6F, 0xE5, 0x04, 0xBF, 0xB4, 0x12, 0xFE, 0x51, 0x4A, 0x92, 0x61, 0x80,
    0x02, 0x0F, 0xFD, 0x00, 0x6F, 0xC4, 0x50, 0xBF, 0xB4, 0x92, 0xFE, 0x52, 0x4B, 0xFA, 0x49, 0x00,
    0x02, 0x0F, 0xFD, 0x00, 0x67, 0xC4, 0x88, 0x9F, 0x32, 0x22, 0xFE, 0x55, 0x4A, 0xAA, 0xFF, 0x80,
    0x02, 0x0F, 0xFD, 0x10, 0x6C, 0xF5, 0x0A, 0xAA, 0x77, 0xFA, 0x49, 0x4F, 0xE9, 0x26, 0x3F, 0x80,
    0x02, 0x0F, 0xFD, 0x28, 0x69, 0x65, 0x24, 0xB5, 0xB4, 0x92, 0xFE, 0x48, 0x88, 0xE2, 0xE3, 0x80,
    0x02, 0x0F, 0xFD, 0x00, 0x6E, 0xA4, 0x5E, 0xAE, 0xB5, 0x7A, 0x4A, 0x49, 0xEA, 0xAA, 0x97, 0x80,
    0x02, 0x0F, 0xFD, 0x40, 0x7E, 0xF5, 0x52, 0xDB, 0xF0, 0x82, 0xFE, 0x52, 0x4B, 0xBA, 0x41, 0x00,
    0x7A, 0x41, 0x51, 0x44, 0x10, 0x57, 0xFD, 0x00, 0x4F, 0xE1, 0x04, 0x3F, 0x82, 0x23, 0xFF, 0x80,
    0x08, 0x08, 0x3F, 0xF0, 0x18, 0x0C, 0x07, 0xFF, 0x01, 0x80, 0xC0, 0x7F, 0xE0, 0xFF, 0xE0, 0x80,
    0x20, 0x3F, 0xE4, 0x04, 0x80, 0x9F, 0xF2, 0x02, 0x40, 0x48, 0x09, 0xFF, 0x00, 0x22, 0x08, 0x43,
    0xEF, 0xC6, 0x18, 0x83, 0x12, 0x7E, 0x2C, 0x45, 0x88, 0x31, 0x07, 0xE3, 0x00, 0x02, 0x0F, 0xFD,
    0x08, 0xA1, 0x07, 0xFC, 0xA0, 0x92, 0x12, 0x24, 0x43, 0x09, 0x92, 0xC1, 0x80, 0x20, 0x82, 0x23,
    0xFF, 0x80, 0x03, 0x19, 0x80, 0xC0, 0x03, 0xFE, 0x4A, 0x49, 0x4B, 0xFF, 0x80, 0x04, 0x01, 0x40,
    0xC6, 0x6F, 0xB0, 0x00, 0x7F, 0x08, 0x23, 0xFE, 0x4A, 0x49, 0x4B, 0xFF, 0x80, 0x11, 0x1F, 0xFC,
    0x10, 0x3F, 0xE0, 0x41, 0xFF, 0xC0, 0x03, 0xFE, 0x4A, 0x49, 0x4B, 0xFF, 0x80, 0x44, 0x04, 0xFC,
    0x24, 0x90, 0x84, 0x29, 0x18, 0xC0, 0x03, 0xFE, 0x4A, 0x49, 0x4B, 0xFF, 0x80, 0x04, 0x07, 0xF8,
    0x91, 0x11, 0x2F, 0xFE, 0x48, 0x90, 0xB0, 0x00, 0x7F, 0xC9, 0x4B, 0xFF, 0x80, 0xFF, 0xC0, 0x60,
    0x3F, 0xF8, 0x0C, 0x06, 0x03, 0xFF, 0x80, 0xC0, 0x7F, 0xE0, 0x04, 0x0F, 0xF8, 0x10, 0x1F, 0xC2,
    0x08, 0x7F, 0x08, 0x21, 0xFC, 0x20, 0x84, 0x13, 0xFF, 0x80, 0x7F, 0xC8, 0x41, 0xFF, 0xA1, 0x05,
    0xFC, 0xA0, 0x97, 0xF2, 0x82, 0x5F, 0xCA, 0x0A, 0x7F, 0x00, 0x7F, 0xC0, 0x81, 0xFF, 0x04, 0x0F,
    0xFE, 0x40, 0x9F, 0xF5, 0x02, 0x3F, 0xC4, 0x08, 0xFF, 0x00, 0x04, 0x0F, 0xF8, 0x10, 0x1F, 0xC2,
    0x08, 0x7F, 0x08, 0x21, 0x04, 0xFF, 0xE4, 0x13, 0x01, 0x80, 0x24, 0x84, 0xA1, 0xFF, 0x08, 0x8F,
    0xFE, 0x41, 0x1F, 0xF5, 0x05, 0x3F, 0x84, 0x10, 0xFE, 0x00, 0xEF, 0xD5, 0x0A, 0xBF, 0x74, 0x2A,
    0x85, 0x5F, 0xBA, 0x4D, 0x4A, 0xA8, 0x9D, 0x48, 0x30, 0x80, 0x11, 0x1F, 0xFC, 0x20, 0x3F, 0xE1,
    0x01, 0xFF, 0xC8, 0x13, 0x02, 0xBF, 0xC4, 0x08, 0xFF, 0x00, 0xE0, 0xD4, 0xE2, 0x84, 0x77, 0xFA,
    0x55, 0x5F, 0xF9, 0x55, 0x2A, 0xAF, 0xFC, 0x20, 0x1F, 0x00, 0xE4, 0x95, 0xFE, 0xE2, 0x77, 0xFA,
    0x89, 0x5F, 0xFA, 0x25, 0x7F, 0xA0, 0x1D, 0x54, 0x2A, 0x80, 0x04, 0x0F, 0xF8, 0x82, 0x12, 0x4F,
    0xFE, 0x22, 0x3F, 0xFA, 0x52, 0x7B, 0xC9, 0x4B, 0xFF, 0x80, 0x40, 0x0F, 0xBD, 0x44, 0xC8, 0x91,
    0x13, 0xFA, 0x44, 0x49, 0x49, 0x25, 0x28, 0xBE, 0x00, 0x00, 0x4F, 0xEE, 0x02, 0x9F, 0x12, 0x22,
    0x45, 0xEF, 0x88, 0x01, 0x22, 0x52, 0x4A, 0x52, 0x3F, 0x80, 0x40, 0xEE, 0xE2, 0x84, 0x17, 0xF2,
    0x55, 0xF2, 0x48, 0x81, 0x7F, 0x52, 0x4A, 0x72, 0x31, 0x80, 0xFF, 0xE1, 0x00, 0x20, 0x08, 0x01,
    0x00, 0x7F, 0x98, 0x15, 0x02, 0x20, 0x44, 0x08, 0xFF, 0x00, 0xF0, 0x84, 0xFC, 0x90, 0x22, 0x07,
    0x41, 0xA8, 0x15, 0x02, 0xA0, 0x54, 0x0E, 0x80, 0x20, 0x00, 0xF7, 0xC4, 0x08, 0x89, 0x21, 0x27,
    0x25, 0xA7, 0xD4, 0x0A, 0x81, 0x57, 0xAE, 0x04, 0x07, 0x00, 0xF4, 0x04, 0x80, 0x9F, 0xA2, 0x17,
    0x95, 0xA2, 0x14, 0x42, 0x94, 0x52, 0x8E, 0x88, 0x20, 0x80, 0xF7, 0xE4, 0x48, 0x89, 0x21, 0x27,
    0x25, 0xBF, 0xD4, 0x92, 0x92, 0x54, 0x4E, 0x88, 0x21, 0x00, 0xF0, 0x84, 0xFC, 0x92, 0xA2, 0x47,
    0x7F, 0xA8, 0x55, 0x8A, 0xAA, 0x54, 0x8E, 0xA8, 0x28, 0x80, 0xE0, 0xC8, 0xE1, 0x10, 0x44, 0x8E,
    0x91, 0x5F, 0xE8, 0x45, 0x2A, 0xA5, 0x3D, 0x24, 0x0C, 0x00, 0xF1, 0x05, 0xFC, 0x88, 0x22, 0x27,
    0xFB, 0xA0, 0x15, 0x52, 0xAA, 0x55, 0x4E, 0xA8, 0x25, 0x80, 0xEF, 0xE8, 0x21, 0x3F, 0xC4, 0x9E,
    0xFF, 0x52, 0x6B, 0xFD, 0x28, 0xA2, 0x1C, 0xA0, 0x63, 0x80, 0xF2, 0x04, 0x78, 0x91, 0x27, 0xF7,
    0x53, 0xAF, 0xD5, 0x4A, 0xBF, 0x55, 0x2E, 0xA4, 0x25, 0x80, 0x07, 0xFE, 0x88, 0xBF, 0x10, 0x42,
    0xFE, 0xE1, 0x35, 0xAA, 0x86, 0x52, 0xAA, 0x95, 0xE6, 0x00, 0xF1, 0x05, 0xFC, 0x80, 0x22, 0x27,
    0x45, 0xB5, 0x54, 0x42, 0xFF, 0x51, 0x0E, 0x20, 0x04, 0x00, 0xF2, 0x04, 0xFC, 0x94, 0xA3, 0xF7,
    0x53, 0xAF, 0xD4, 0xA2, 0xA4, 0x5F, 0xEE, 0x10, 0x02, 0x00, 0xF4, 0x44, 0x50, 0xBF, 0xA1, 0x47,
    0x29, 0xA5, 0x16, 0xAA, 0xB6, 0x52, 0x8E, 0x50, 0x3F, 0x80, 0x02, 0x0F, 0xFD, 0x22, 0x3F, 0xF5,
    0xDC, 0xD5, 0x5F, 0xFA, 0x20, 0x4F, 0xEB, 0x06, 0xBF, 0x80, 0xF2, 0x84, 0xF8, 0x8A, 0x27, 0xF7,
    0x11, 0xAF, 0x95, 0x52, 0xBE, 0x55, 0x4E, 0xF8, 0x31, 0x80, 0x42, 0x04, 0x43, 0xC8, 0x09, 0x02,
    0x20, 0x64, 0x1A, 0x85, 0x10, 0x22, 0x24, 0x44, 0x87, 0x80, 0x40, 0xC4, 0xE3, 0xD0, 0x0A, 0x02,
    0x7E, 0x69, 0x1B, 0x25, 0x24, 0x24, 0x84, 0x90, 0xA2, 0x00, 0x81, 0x08, 0x23, 0xBF, 0x94, 0x94,
    0x92, 0xDF, 0xF6, 0x4A, 0x49, 0x4F, 0xE8, 0x21, 0x04, 0x00, 0x04, 0x1F, 0xFC, 0x44, 0x27, 0x25,
    0x14, 0xFF, 0x81, 0x07, 0xFF, 0x91, 0x37, 0xD6, 0x01, 0x80, 0x11, 0x1C, 0x20, 0xBF, 0x94, 0x9F,
    0x92, 0x52, 0x5B, 0xFB, 0x88, 0xA1, 0x04, 0x20, 0x84, 0x00, 0x10, 0x5C, 0x48, 0x85, 0x10, 0x2F,
    0x44, 0x44, 0x98, 0x1B, 0x8E, 0xA6, 0x44, 0x08, 0x81, 0x00, 0x11, 0x1C, 0x20, 0x95, 0x12, 0x9F,
    0x52, 0x52, 0x18, 0x4B, 0x82, 0xA0, 0x84, 0x60, 0xB0, 0x00, 0x12, 0x1C, 0x24, 0x80, 0x91, 0x2F,
    0x24, 0x55, 0x1A, 0xAB, 0x99, 0xA2, 0x04, 0xC4, 0xA7, 0x80, 0x17, 0xDC, 0x88, 0x91, 0x12, 0x2F,
    0x44, 0x4F, 0x98, 0x03, 0x80, 0xA2, 0x84, 0x88, 0xA0, 0x80, 0x14, 0x1C, 0xFC, 0x90, 0x94, 0x9F,
    0x10, 0x4A, 0x9D, 0x53, 0x49, 0xA9, 0x24, 0x20, 0x8C, 0x00, 0x11, 0x1C, 0x7C, 0xB0, 0x91, 0x2F,
    0x18, 0x5C, 0x18, 0xFB, 0x61, 0xB2, 0x44, 0x30, 0xB8, 0x00, 0x16, 0x7C, 0x30, 0x99, 0x90, 0x8F,
    0x7E, 0x45, 0x19, 0xFB, 0x65, 0xB4, 0xA4, 0x9C, 0x82, 0x00, 0x17, 0xDC, 0x88, 0x91, 0x13, 0xEF,
    0x00, 0x5F, 0xD8, 0x43, 0xBE, 0xA1, 0x04, 0x20, 0xBF, 0x80, 0x13, 0xDC, 0x88, 0xBF, 0x90, 0x1F,
    0xFE, 0x40, 0x5B, 0xFB, 0x90, 0xA5, 0x45, 0x94, 0xDE, 0x80, 0x08, 0x00, 0x83, 0xFF, 0xC0, 0x18,
    0x02, 0x22, 0x04, 0x41, 0x04, 0x20, 0x88, 0x0A, 0x00, 0x80, 0x04, 0x1F, 0xFE, 0x44, 0x90, 0x4C,
    0x86, 0x10, 0x1F, 0xE0, 0x44, 0x10, 0xA4, 0x17, 0x03, 0x80, 0x04, 0x1F, 0xFE, 0x44, 0x90, 0x4D,
    0xFE, 0x00, 0x9F, 0xF2, 0x00, 0x7F, 0xE0, 0x04, 0x0F, 0x00, 0x04, 0x1F, 0xFE, 0x00, 0x88, 0x82,
    0x09, 0x80, 0xDF, 0xF0, 0x20, 0x04, 0x00, 0x83, 0xFF, 0x80, 0x04, 0x1F, 0xFE, 0x44, 0x90, 0x47,
    0xFC, 0x42, 0x10, 0x43, 0xFF, 0x09, 0x06, 0x23, 0x0C, 0x00, 0x04, 0x1F, 0xFE, 0x44, 0x90, 0x4C,
    0x56, 0x09, 0x3F, 0xF8, 0x20, 0x0A, 0x06, 0x33, 0x01, 0x80, 0x04, 0x1F, 0xFE, 0x44, 0xB0, 0x60,
    0x00, 0x9F, 0xDC, 0x8E, 0x11, 0x54, 0x2C, 0x84, 0x23, 0x00, 0x04, 0x1F, 0xFE, 0x44, 0xB0, 0x61,
    0x00, 0x3F, 0xCA, 0x06, 0x7E, 0x08, 0x01, 0xF8, 0x20, 0x00, 0x04, 0x1F, 0xFE, 0x28, 0xB9, 0xE0,
    0x40, 0xFF, 0x92, 0x53, 0x92, 0x4E, 0x4A, 0x29, 0xFF, 0x00, 0x08, 0x00, 0x83, 0xFF, 0x80, 0x02,
    0x08, 0x41, 0x04, 0x20, 0x88, 0x11, 0x00, 0x43, 0xFF, 0x80, 0x17, 0xF2, 0x86, 0x49, 0x48, 0xC9,
    0x66, 0x20, 0x01, 0x03, 0xFE, 0x20, 0x82, 0x23, 0xFF, 0x80, 0x41, 0x04, 0x23, 0xE7, 0x80, 0x89,
    0x10, 0xA2, 0x15, 0xF9, 0x21, 0x3C, 0x38, 0x84, 0x1F, 0x80, 0x42, 0x0F, 0x7E, 0x52, 0x00, 0x00,
    0x3C, 0xF8, 0x01, 0x07, 0xFF, 0x0A, 0x06, 0x33, 0x01, 0x80, 0x42, 0x0F, 0x7E, 0x52, 0x10, 0x02,
    0x08, 0x9F, 0xF0, 0x22, 0x44, 0x44, 0x88, 0x11, 0x0E, 0x00, 0x42, 0x0F, 0x7E, 0x52, 0x00, 0x00,
    0x41, 0xFF, 0xC3, 0x80, 0xA8, 0x24, 0x9B, 0xEC, 0x10, 0x00, 0x42, 0x0F, 0x7E, 0x52, 0x3F, 0xE0,
    0x41, 0xFF, 0xC0, 0x27, 0xFF, 0x10, 0x81, 0x10, 0x0E, 0x00, 0x42, 0x0F, 0x7E, 0x52, 0x00, 0x0F,
    0x7C, 0x44, 0x89, 0x91, 0x1A, 0x32, 0x58, 0x88, 0x61, 0x80, 0x42, 0x0F, 0x7E, 0x52, 0x2F, 0xE0,
    0x04, 0xBE, 0x94, 0x52, 0xFA, 0x51, 0x4B, 0xE9, 0x03, 0x00, 0x42, 0x0F, 0x7E, 0x52, 0x3F, 0xE4,
    0x04, 0xFF, 0x90, 0x13, 0xFE, 0x11, 0x1F, 0xFC, 0x84, 0x00, 0x42, 0x0F, 0x7E, 0x52, 0x7F, 0xFA,
    0x0A, 0x7F, 0x08, 0x01, 0xFE, 0x20, 0x44, 0x08, 0xFF, 0x00, 0x42, 0x0F, 0x7E, 0x92, 0x09, 0x09,
    0x3F, 0x29, 0x24, 0x13, 0xFE, 0x4A, 0x49, 0x4B, 0xFF, 0x80, 0x42, 0x0F, 0x7E, 0x51, 0x03, 0xC9,
    0x88, 0x8E, 0x06, 0x3E, 0x10, 0x5F, 0xC8, 0x42, 0xFF, 0x80, 0x42, 0x0F, 0x7E, 0x52, 0x23, 0xFF,
    0xA0, 0x87, 0xDD, 0x24, 0xBF, 0x90, 0x82, 0x29, 0x98, 0x80, 0x22, 0x96, 0x51, 0x91, 0x12, 0x2F,
    0x82, 0x4F, 0x98, 0x93, 0x92, 0xA4, 0x44, 0x88, 0xA6, 0x00, 0x27, 0xD6, 0x89, 0x91, 0x13, 0xEF,
    0x44, 0x48, 0x99, 0xF3, 0xA2, 0xA4, 0x44, 0x88, 0xBF, 0x80, 0x21, 0x16, 0xF9, 0x84, 0x13, 0xEF,
    0x10, 0x5F, 0xD9, 0x13, 0xBE, 0xA4, 0x44, 0xF8, 0x91, 0x00, 0x24, 0xF4, 0x95, 0xFE, 0x92, 0x7F,
    0x4A, 0x49, 0x5B, 0xBB, 0xD5, 0xAA, 0xA5, 0x54, 0xBD, 0x80, 0x29, 0x56, 0xBD, 0x89, 0x10, 0x2F,
    0xDE, 0x48, 0x19, 0x7B, 0xA9, 0xA5, 0xE5, 0x40, 0xA7, 0x80, 0x01, 0xCF, 0xC0, 0x22, 0x19, 0x80,
    0xC0, 0x60, 0xBF, 0xE8, 0x20, 0x24, 0x98, 0x8C, 0x70, 0x00, 0x04, 0x1F, 0xFC, 0x10, 0x7F, 0xF9,
    0x12, 0xCC, 0x06, 0x17, 0xFD, 0x04, 0x04, 0x93, 0x31, 0x80, 0x17, 0xF2, 0x06, 0x49, 0x48, 0xC9,
    0x66, 0x12, 0x04, 0x97, 0xFF, 0x04, 0x04, 0x93, 0x11, 0x80, 0x7F, 0xC8, 0x89, 0xFF, 0x22, 0x27,
    0xFC, 0x22, 0x19, 0x80, 0xC2, 0xFF, 0xA4, 0x93, 0x31, 0x80, 0x40, 0x9F, 0xDD, 0x56, 0xFF, 0x55,
    0x44, 0xFB, 0x44, 0x81, 0x22, 0xFF, 0xA4, 0x93, 0x31, 0x80, 0x44, 0x08, 0x82, 0x1F, 0xD4, 0x1D,
    0x02, 0x84, 0x60, 0x4F, 0x09, 0x00, 0x24, 0x07, 0x03, 0x00, 0x4F, 0xC8, 0x8A, 0x11, 0x52, 0x4C,
    0x4E, 0x88, 0x61, 0x8F, 0x2A, 0x08, 0x85, 0x2B, 0x58, 0x80, 0x4F, 0xC8, 0x0A, 0x01, 0x50, 0x2C,
    0x04, 0x9F, 0xA2, 0x07, 0x40, 0x08, 0x25, 0x07, 0x1F, 0x80, 0x21, 0x44, 0x25, 0x07, 0xCB, 0x8E,
    0x10, 0x43, 0xD1, 0xC7, 0x89, 0x00, 0xC6, 0x37, 0x39, 0x80, 0x42, 0x0B, 0xFE, 0x10, 0x4F, 0x8E,
    0x90, 0x9F, 0xE0, 0x47, 0x2A, 0x05, 0x25, 0x27, 0x0C, 0x00, 0x4F, 0xE9, 0x26, 0x24, 0xD4, 0x9C,
    0x92, 0x9F, 0xE2, 0x4F, 0x49, 0x09, 0x25, 0x27, 0x3F, 0x80, 0x27, 0xC4, 0x89, 0x11, 0x4A, 0x2E,
    0x44, 0x4F, 0x90, 0x07, 0x80, 0x02, 0x86, 0x8B, 0x20, 0x80, 0x44, 0x08, 0xFA, 0x21, 0x5A, 0x4C,
    0x30, 0x89, 0x26, 0x1F, 0x30, 0x01, 0x85, 0x83, 0x0F, 0x00, 0x21, 0x05, 0x25, 0x15, 0x48, 0x8E,
    0xFE, 0x42, 0x10, 0x47, 0x7F, 0x01, 0x06, 0x23, 0x04, 0x00, 0x4F, 0xC8, 0x0A, 0x02, 0x50, 0x8C,
    0x68, 0xB0, 0xE1, 0xF7, 0x08, 0x01, 0x04, 0x23, 0x3F, 0x80, 0x21, 0x04, 0x21, 0x3F, 0xC8, 0x8E,
    0x10, 0x4F, 0x90, 0x07, 0xBE, 0x04, 0x46, 0x8B, 0x1F, 0x00, 0x42, 0x08, 0x4E, 0x3E, 0x51, 0x2C,
    0x1A, 0x9C, 0xE0, 0x07, 0x7F, 0x02, 0x84, 0x97, 0x63, 0x80, 0x41, 0x08, 0x52, 0x11, 0x54, 0x1C,
    0x7C, 0x80, 0x23, 0xFF, 0x41, 0x08, 0x25, 0x07, 0x3F, 0x80, 0x44, 0x08, 0xF2, 0x22, 0x4F, 0xFE,
    0x92, 0x92, 0x63, 0xFF, 0x40, 0x08, 0x25, 0x07, 0x1F, 0x80, 0x41, 0x09, 0xFE, 0x00, 0x52, 0x2C,
    0x82, 0xA8, 0xA1, 0x17, 0x14, 0x01, 0x04, 0x53, 0x31, 0x80, 0x42, 0x0B, 0xFE, 0x10, 0x52, 0x2C,
    0x84, 0xBF, 0x61, 0x27, 0x24, 0x04, 0x85, 0x17, 0x43, 0x80, 0x48, 0x89, 0x56, 0x27, 0x54, 0x4C,
    0xBE, 0x91, 0x22, 0x77, 0x55, 0x08, 0x85, 0x03, 0x3F, 0x80, 0x42, 0x09, 0xF6, 0x09, 0x51, 0x4D,
    0xFE, 0x84, 0x21, 0xF7, 0x62, 0x07, 0xC4, 0x8B, 0x1F, 0x00, 0x41, 0x08, 0xFA, 0x04, 0x57, 0xFC,
    0x42, 0x95, 0x21, 0x27, 0x7F, 0x01, 0x04, 0x4B, 0x30, 0x80, 0x4F, 0xC8, 0x0A, 0x3F, 0x50, 0x2D,
    0xFE, 0x82, 0x22, 0x4F, 0x2A, 0x03, 0x84, 0xAB, 0x6C, 0x80, 0x45, 0x0A, 0xBE, 0x55, 0x5B, 0x1C,
    0xFC, 0x90, 0xA2, 0x57, 0x4A, 0x01, 0x04, 0x57, 0x33, 0x80, 0x40, 0xE9, 0xE6, 0x15, 0x57, 0xFC,
    0x20, 0x9F, 0xE1, 0x07, 0x3E, 0x0A, 0x46, 0x33, 0x39, 0x80, 0x49, 0x28, 0xAA, 0x3F, 0xD1, 0xCC,
    0x54, 0x92, 0x60, 0x87, 0x7F, 0x02, 0x44, 0x73, 0x31, 0x80, 0x51, 0x09, 0x3E, 0x08, 0xD0, 0xED,
    0xA2, 0x91, 0x22, 0xFF, 0x44, 0x0B, 0xE6, 0x93, 0x4F, 0x80, 0x41, 0x09, 0xFE, 0x2A, 0xD5, 0x5C,
    0xBE, 0x95, 0x62, 0xFF, 0x44, 0x0B, 0xE5, 0x13, 0x5F, 0x80, 0x41, 0x0F, 0x22, 0x9F, 0x10, 0xA2,
    0x15, 0xF2, 0x89, 0xFD, 0x48, 0xA9, 0x15, 0x53, 0xF1, 0x80, 0x42, 0x4E, 0xFE, 0x89, 0x12, 0xD2,
    0x7F, 0xF2, 0x88, 0xFD, 0x52, 0xAF, 0xF5, 0x4B, 0xEF, 0x80, 0xFF, 0xF0, 0x06, 0x22, 0xD5, 0x59,
    0x13, 0x22, 0x6A, 0xAD, 0x55, 0xC4, 0x30, 0x06, 0x03, 0x80, 0xFF, 0xF2, 0x26, 0x44, 0xFF, 0xF0,
    0x80, 0x1F, 0x8C, 0x16, 0x44, 0x05, 0x00, 0xC1, 0xE0, 0x00, 0xFF, 0xF2, 0x27, 0xFF, 0x80, 0x01,
    0x11, 0xE3, 0xC4, 0x47, 0x8F, 0x11, 0x1E, 0x3C, 0x44, 0x00, 0xFF, 0xF2, 0x27, 0xFF, 0x82, 0x0F,
    0xFE, 0x08, 0x0F, 0xE1, 0x04, 0x3F, 0x84, 0x13, 0xFF, 0x80, 0x11, 0x1F, 0xFC, 0x10, 0x3F, 0xE0,
    0x41, 0xFF, 0xC1, 0x07, 0xFF, 0x0A, 0x06, 0x33, 0x01, 0x80, 0x7A, 0x25, 0x2B, 0xEF, 0x94, 0x47,
    0x88, 0x47, 0xD0, 0x23, 0xC4, 0xCB, 0xE9, 0x11, 0xE2, 0x00, 0x11, 0x0F, 0xF8, 0x10, 0x7F, 0xF5,
    0x25, 0x12, 0x7F, 0xF8, 0x20, 0xFF, 0xE2, 0x23, 0x83, 0x80, 0x1B, 0x7C, 0x26, 0xB6, 0xFD, 0xB7,
    0x13, 0x52, 0x7E, 0xDD, 0x6D, 0xF9, 0x35, 0x27, 0xED, 0x80, 0x08, 0x4F, 0xD0, 0x24, 0x05, 0x0F,
    0xFE, 0x10, 0x0C, 0x16, 0x8C, 0x1E, 0x02, 0x04, 0x3F, 0x80, 0x08, 0x2F, 0xE8, 0x22, 0x04, 0x8F,
    0xFE, 0x20, 0x0F, 0xF3, 0x02, 0xBF, 0xC4, 0x08, 0xFF, 0x00, 0xFF, 0xE0, 0x80, 0x20, 0x7F, 0xF9,
    0x13, 0x22, 0x64, 0x4C, 0x89, 0x91, 0x32, 0x26, 0x01, 0x80, 0xFE, 0x42, 0x08, 0x87, 0xFF, 0x2A,
    0xA5, 0x56, 0xAA, 0xB5, 0x52, 0xAA, 0x55, 0x4A, 0x1B, 0x00, 0x20, 0xE4, 0xE3, 0xE4, 0x10, 0xFF,
    0x70, 0x42, 0x3E, 0x79, 0x38, 0x71, 0x15, 0x24, 0x83, 0x80, 0xF8, 0x8A, 0x11, 0xC2, 0x29, 0x45,
    0x2E, 0xE5, 0x14, 0xA2, 0x94, 0x7A, 0x9A, 0x50, 0x5F, 0x80, 0x04, 0x00, 0x83, 0xFF, 0xC2, 0x18,
    0xA3, 0x63, 0x61, 0x0C, 0x51, 0xB1, 0xB0, 0x06, 0x03, 0x80, 0xE2, 0x14, 0x42, 0xBF, 0xF1, 0x1A,
    0x23, 0x44, 0x78, 0x8D, 0x11, 0xA4, 0x34, 0x86, 0xA3, 0x00, 0xE7, 0x94, 0x92, 0x92, 0x72, 0x4A,
    0x49, 0x49, 0x39, 0x25, 0x24, 0xA8, 0xB5, 0x16, 0xC3, 0x80, 0xE1, 0x14, 0x22, 0xFF, 0xF0, 0x8A,
    0x11, 0x5F, 0xBA, 0x15, 0x42, 0xA4, 0x94, 0x62, 0xF3, 0x80, 0x02, 0x0F, 0xFD, 0x00, 0xBF, 0xF4,
    0x00, 0xBF, 0xD4, 0x0A, 0xFF, 0x50, 0x2B, 0xFE, 0x40, 0x80, 0x72, 0x0A, 0x21, 0x7F, 0xB8, 0x05,
    0x78, 0xA9, 0x1D, 0x22, 0xA4, 0x54, 0xAA, 0x96, 0xE3, 0x80, 0x04, 0x1F, 0xFC, 0x40, 0x10, 0x47,
    0xF4, 0x41, 0x0F, 0xE1, 0x04, 0x3F, 0x84, 0x10, 0x86, 0x00, 0x12, 0x1E, 0x4C, 0x4E, 0x19, 0x1D,
    0x1E, 0x7F, 0x08, 0x21, 0xFC, 0x20, 0x87, 0xF0, 0x82, 0x00, 0xE9, 0x15, 0x22, 0xBF, 0x74, 0x8B,
    0x11, 0x42, 0x3B, 0xF5, 0x08, 0xA1, 0x14, 0x22, 0xBF, 0x80, 0xEF, 0xD4, 0x0A, 0x82, 0x70, 0x8A,
    0x69, 0x70, 0xF9, 0xF5, 0x08, 0xA1, 0x14, 0x22, 0xBF, 0x80, 0xE4, 0x14, 0xFE, 0xA0, 0xF8, 0x5A,
    0xDB, 0x55, 0x7B, 0x6D, 0x45, 0xAF, 0xB4, 0x06, 0x83, 0x00, 0x42, 0x72, 0x73, 0xA8, 0x01, 0x1F,
    0x9F, 0x10, 0x3E, 0x9C, 0x5C, 0xFA, 0x11, 0x46, 0x67, 0x80, 0xE3, 0x14, 0x12, 0xBC, 0x70, 0x9B,
    0xDB, 0x4B, 0x79, 0x55, 0x4A, 0xA9, 0x36, 0x26, 0x8C, 0x00, 0xE1, 0x15, 0xFE, 0xA0, 0x74, 0x4A,
    0x89, 0x57, 0xFA, 0x25, 0x44, 0xA8, 0x95, 0x12, 0xDF, 0x80, 0xE1, 0x15, 0xFE, 0x80, 0x74, 0x1A,
    0xC7, 0x55, 0x7A, 0x4D, 0x55, 0xAC, 0x75, 0x06, 0xBF, 0x80, 0xE4, 0xF4, 0x96, 0xFE, 0xF2, 0x5A,
    0x4B, 0x7F, 0x79, 0x2D, 0x45, 0xAA, 0xF6, 0x52, 0xF6, 0x00, 0xE8, 0x54, 0x92, 0xBF, 0x74, 0x2A,
    0x85, 0x50, 0xBB, 0xF5, 0x24, 0xA4, 0xB5, 0x16, 0xC3, 0x80, 0xE1, 0x14, 0x52, 0x91, 0x7C, 0x1A,
    0x7D, 0x40, 0x3A, 0x8D, 0x2A, 0xA5, 0x54, 0x12, 0xBF, 0x80, 0x02, 0x0F, 0xFD, 0x11, 0x25, 0xF7,
    0x94, 0x91, 0x97, 0xFA, 0x89, 0x56, 0xEA, 0x26, 0x5B, 0x80, 0xEF, 0xF5, 0x06, 0xBF, 0xF4, 0x1A,
    0xFF, 0x52, 0x3B, 0xFD, 0x88, 0xAF, 0xF4, 0x22, 0xFF, 0x80, 0x78, 0x89, 0x7D, 0xE5, 0x35, 0xFA,
    0x88, 0xFF, 0x90, 0x13, 0xFE, 0x40, 0x4F, 0xF9, 0x01, 0x00, 0x08, 0x08, 0x3F, 0xF0, 0x1F, 0xFC,
    0x06, 0x03, 0xFF, 0x80, 0xC0, 0x7F, 0xE0, 0x08, 0x0F, 0xF9, 0x01, 0x3F, 0xE4, 0x04, 0xFF, 0x81,
    0x27, 0xFF, 0x0A, 0x06, 0x33, 0x01, 0x80, 0xFF, 0xE1, 0x00, 0x44, 0x10, 0x47, 0xF4, 0x08, 0x81,
    0x03, 0xFE, 0x04, 0x00, 0x83, 0xFF, 0x80, 0xFA, 0x04, 0x41, 0x0F, 0xCA, 0x2E, 0xA4, 0x44, 0x88,
    0x97, 0xCA, 0x20, 0x87, 0x2B, 0x18, 0x80, 0x0E, 0x06, 0x33, 0x01, 0x9F, 0xC0, 0x41, 0xFF, 0xC1,
    0x03, 0xFE, 0x40, 0x48, 0x09, 0xFF, 0x00, 0x40, 0x0F, 0xFE, 0xAA, 0x7F, 0xF2, 0xA9, 0xFF, 0xD0,
    0x23, 0xFF, 0xAA, 0x82, 0x7F, 0x82, 0x00, 0x21, 0xCF, 0x29, 0x25, 0x34, 0xA5, 0xE7, 0xF0, 0x12,
    0xFB, 0x51, 0x59, 0x49, 0x12, 0x6D, 0x80, 0x27, 0xCE, 0x89, 0x51, 0x3A, 0xA5, 0x55, 0xEA, 0x95,
    0x53, 0xA8, 0x52, 0xAA, 0x96, 0xE3, 0x80, 0x21, 0x0E, 0x51, 0x51, 0x3C, 0x15, 0x7D, 0xE8, 0x95,
    0x13, 0xAE, 0x54, 0x0A, 0x86, 0xCF, 0x80, 0x23, 0xCF, 0x49, 0x29, 0x35, 0x25, 0xC7, 0xF0, 0x12,
    0xFB, 0x51, 0x5A, 0x29, 0x46, 0x6F, 0x80, 0x22, 0x8E, 0x9D, 0x52, 0xBB, 0x75, 0x4B, 0xEF, 0xD4,
    0x23, 0xBF, 0x52, 0x2A, 0x3A, 0xD8, 0x80, 0x08, 0x3F, 0xE8, 0x0B, 0xFE, 0x80, 0xBF, 0xE8, 0x82,
    0x11, 0x82, 0xAC, 0x4C, 0x0C, 0x20, 0x07, 0xE1, 0x04, 0x7F, 0xE4, 0x44, 0x88, 0x9F, 0xF2, 0x00,
    0x40, 0x28, 0x04, 0xFF, 0x80, 0x11, 0x1F, 0xFC, 0x44, 0x00, 0x07, 0xF8, 0x02, 0x01, 0x80, 0xC0,
    0x20, 0x08, 0x04, 0xFF, 0x80, 0x11, 0x1F, 0xFC, 0x44, 0x00, 0x07, 0xFC, 0x10, 0x82, 0x10, 0x42,
    0x09, 0x81, 0x00, 0x20, 0x00, 0x11, 0x1F, 0xFC, 0x44, 0x02, 0x00, 0x21, 0xFF, 0xC8, 0x01, 0x00,
    0x20, 0x04, 0x00, 0xFF, 0x00, 0x11, 0x1F, 0xFC, 0x44, 0x3F, 0xE0, 0x40, 0x08, 0x3F, 0xF8, 0x50,
    0x0A, 0x02, 0x47, 0x8F, 0x80, 0x11, 0x1F, 0xFC, 0x44, 0x02, 0x07, 0xFC, 0x80, 0x90, 0x13, 0xFE,
    0x40, 0x08, 0x02, 0x00, 0x00, 0x11, 0x1F, 0xFC, 0x44, 0x00, 0x01, 0x20, 0x44, 0x58, 0xB5, 0x78,
    0x22, 0x04, 0x44, 0x87, 0x80, 0x11, 0x1F, 0xFC, 0x20, 0x08, 0x82, 0x08, 0xFF, 0x80, 0x09, 0xFC,
    0x20, 0x84, 0x10, 0xFE, 0x00, 0x11, 0x1F, 0xFC, 0x44, 0x00, 0x07, 0xFC, 0x88, 0x91, 0x13, 0xFE,
    0x44, 0x48, 0x89, 0xFF, 0x00, 0x11, 0x1F, 0xFC, 0x44, 0x02, 0x0F, 0xFE, 0x08, 0x01, 0x03, 0xFE,
    0x40, 0x48, 0x09, 0xFF, 0x00, 0x11, 0x1F, 0xFC, 0x44, 0x3F, 0xE4, 0x04, 0xFF, 0x90, 0x13, 0xFE,
    0x04, 0x1F, 0xFC, 0x10, 0x00, 0x11, 0x1F, 0xFC, 0x44, 0x02, 0x0F, 0xFE, 0x40, 0x0F, 0xF0, 0x00,
    0x24, 0x84, 0x97, 0x13, 0x80, 0x11, 0x1F, 0xFC, 0x44, 0x27, 0xE2, 0x09, 0x02, 0x13, 0xF8, 0x15,
    0x24, 0xA9, 0x26, 0x09, 0x80, 0x11, 0x1F, 0xFC, 0x44, 0x7F, 0xF8, 0x02, 0x08, 0x3F, 0xF8, 0xA8,
    0x24, 0x98, 0x8C, 0x10, 0x00, 0x11, 0x1F, 0xFC, 0x94, 0x22, 0x0F, 0x7E, 0x48, 0x50, 0x0F, 0xD1,
    0x01, 0x23, 0x07, 0x83, 0x00, 0x11, 0x1F, 0xFC, 0x44, 0x3F, 0xE4, 0x04, 0xFF, 0x90, 0x17, 0xFF,
    0x0A, 0x06, 0x33, 0x01, 0x80, 0x11, 0x1F, 0xFC, 0x44, 0x50, 0x04, 0x15, 0x42, 0x4B, 0xFB, 0x08,
    0xA2, 0x84, 0x8B, 0x20, 0x80, 0x11, 0x1F, 0xFC, 0x44, 0x7F, 0xFA, 0x0A, 0x7F, 0x00, 0x03, 0xFE,
    0x40, 0x48, 0x09, 0xFF, 0x00, 0x11, 0x1F, 0xFC, 0x44, 0x21, 0x02, 0x7D, 0x18, 0x90, 0xE0, 0x63,
    0x27, 0xC8, 0x8A, 0x1F, 0x00, 0x11, 0x1F, 0xFC, 0x44, 0x7F, 0xF4, 0xA5, 0x57, 0x04, 0x8F, 0x0F,
    0x11, 0x1F, 0xFC, 0x84, 0x00, 0x11, 0x1F, 0xFC, 0x44, 0x7F, 0xF8, 0x02, 0xFF, 0x83, 0x09, 0xB6,
    0xCB, 0x06, 0x53, 0x31, 0x80, 0x11, 0x1F, 0xFC, 0x44, 0x01, 0x09, 0x3F, 0x29, 0x24, 0x13, 0xFE,
    0x4A, 0x49, 0x4B, 0xFF, 0x80, 0x11, 0x1F, 0xFC, 0x44, 0x1F, 0xC2, 0x09, 0xFF, 0xE4, 0x4F, 0xFF,
    0x20, 0x83, 0xE3, 0x83, 0x80, 0x11, 0x1F, 0xFC, 0x44, 0x41, 0x45, 0xFE, 0x14, 0xA3, 0xF2, 0x52,
    0x1F, 0xE8, 0x8A, 0x0B, 0x00, 0x11, 0x1F, 0xFC, 0x44, 0x00, 0x5B, 0xFF, 0x55, 0x3B, 0xE9, 0x4D,
    0xEF, 0x55, 0x4A, 0xBE, 0x80, 0x07, 0xC0, 0x81, 0xFF, 0xA2, 0x14, 0x78, 0xB8, 0x51, 0xFA, 0x28,
    0x55, 0x49, 0xB2, 0xFF, 0x80, 0x04, 0x00, 0x81, 0xFF, 0x22, 0x24, 0x44, 0x88, 0x9F, 0xF0, 0x20,
    0x04, 0x40, 0xF7, 0xE0, 0x80, 0x3F, 0x84, 0x10, 0xFE, 0x02, 0x07, 0xFC, 0x88, 0x91, 0x13, 0xFE,
    0x04, 0x00, 0x8B, 0xFE, 0x80, 0x20, 0x84, 0x7F, 0xE2, 0x54, 0x4A, 0xBF, 0x50, 0x3E, 0x21, 0x1F,
    0x28, 0x87, 0x13, 0x2F, 0x80, 0x25, 0x04, 0xA3, 0xFF, 0x54, 0x8A, 0x91, 0x5F, 0xFE, 0x41, 0x1C,
    0x2D, 0x47, 0x27, 0x24, 0x00, 0x04, 0x1F, 0xFC, 0x24, 0x24, 0xA9, 0x12, 0x7F, 0x09, 0x21, 0x24,
    0x3F, 0xA0, 0x87, 0xFF, 0x80, 0x2C, 0x24, 0xBB, 0xF1, 0x54, 0x2A, 0x97, 0x5A, 0xBF, 0x51, 0x2A,
    0x2D, 0xE7, 0x43, 0x27, 0x80, 0x22, 0x24, 0x5B, 0xFE, 0x55, 0x4A, 0xAF, 0x55, 0x7F, 0xE9, 0x35,
    0x2A, 0xA7, 0x57, 0x2C, 0x80, 0x23, 0xE4, 0x47, 0xEF, 0xD5, 0x1A, 0xBF, 0x52, 0x3E, 0x79, 0x15,
    0x2C, 0xA7, 0x27, 0x29, 0x80, 0x21, 0x04, 0xFF, 0xF0, 0xD4, 0x0A, 0xEF, 0x55, 0x7E, 0xA9, 0x37,
    0x2A, 0x87, 0x57, 0x33, 0x80, 0x2F, 0xE4, 0x23, 0xFF, 0xD4, 0x9A, 0xD5, 0x50, 0x3F, 0xF9, 0x08,
    0x2F, 0xE7, 0x57, 0x2A, 0x80, 0x04, 0x01, 0x01, 0xFF, 0x25, 0x24, 0xA4, 0x94, 0x92, 0x92, 0x52,
    0x4A, 0x49, 0x4B, 0xFF, 0x80, 0x27, 0xC8, 0x02, 0x00, 0x17, 0xF4, 0x09, 0x81, 0x10, 0x22, 0x04,
    0x40, 0x88, 0x11, 0x0E, 0x00, 0x24, 0xEB, 0xE2, 0x10, 0x12, 0x75, 0xF5, 0x80, 0x91, 0x12, 0xFA,
    0x44, 0x48, 0xE9, 0x63, 0x00, 0x08, 0x00, 0x83, 0xFF, 0x85, 0x01, 0x24, 0x45, 0x18, 0x45, 0x08,
    0x24, 0x85, 0x08, 0xC0, 0x80, 0x41, 0x04, 0x23, 0xC4, 0x08, 0x82, 0x18, 0x52, 0x9C, 0x4D, 0x48,
    0x21, 0x04, 0x20, 0x84, 0x00, 0x04, 0x0F, 0xF8, 0x10, 0x3F, 0xE0, 0x41, 0xFF, 0xC2, 0x80, 0x91,
    0xE1, 0x45, 0x90, 0xC1, 0x80, 0x40, 0x24, 0x1B, 0xCC, 0x08, 0x02, 0x02, 0x51, 0x9C, 0xC5, 0x40,
    0x20, 0x24, 0x18, 0x9C, 0x00, 0x04, 0x1F, 0xFC, 0x10, 0x3F, 0xE4, 0x44, 0xFF, 0x81, 0x00, 0xD1,
    0xE1, 0x45, 0x90, 0xC1, 0x80, 0x12, 0x44, 0x7F, 0xB8, 0x10, 0x92, 0x0E, 0x08, 0x3F, 0xF8, 0x90,
    0xE1, 0x45, 0x90, 0xC1, 0x80, 0x81, 0x09, 0xFF, 0xA4, 0x94, 0x84, 0xFE, 0xB8, 0x7A, 0x8A, 0xCA,
    0x48, 0x89, 0x29, 0x58, 0x80, 0x08, 0x9F, 0xFC, 0x4A, 0x11, 0x9C, 0xDE, 0x08, 0x3F, 0xF8, 0x90,
    0xE1, 0x45, 0x90, 0xC1, 0x80, 0xFC, 0x24, 0x25, 0xF4, 0xE2, 0x92, 0x86, 0x28, 0x3F, 0xF8, 0x90,
    0xE1, 0x45, 0x90, 0xC1, 0x80, 0x91, 0x0B, 0xFC, 0x44, 0x18, 0x8D, 0x7C, 0x08, 0x3F, 0xF8, 0x90,
    0xE1, 0x45, 0x90, 0xC1, 0x80, 0x82, 0x09, 0xFF, 0xA4, 0x97, 0xF4, 0x92, 0xBF, 0xF8, 0xA2, 0xA4,
    0x4F, 0xE8, 0x11, 0x02, 0x00, 0x04, 0x1F, 0xFD, 0x11, 0x3F, 0xE4, 0x45, 0xFF, 0xC9, 0x26, 0x53,
    0x11, 0x5D, 0x90, 0xC1, 0x80, 0x89, 0x28, 0xAB, 0xBF, 0x91, 0xC5, 0x54, 0xD2, 0x74, 0x82, 0x7F,
    0x42, 0x48, 0x71, 0x31, 0x80, 0x82, 0x89, 0x53, 0xAB, 0x95, 0x84, 0xA4, 0xC4, 0x70, 0x03, 0x7F,
    0x4A, 0xA9, 0x55, 0x7F, 0x80, 0xFF, 0xE2, 0x20, 0x44, 0x7F, 0xF9, 0x13, 0x22, 0x64, 0x4D, 0x0F,
    0xC0, 0x30, 0x07, 0xFF, 0x80, 0xFF, 0xE1, 0x41, 0xFF, 0x25, 0x27, 0xFC, 0x10, 0x3F, 0xF8, 0x84,
    0x31, 0x01, 0xC3, 0xC7, 0x80, 0xFF, 0xE9, 0x49, 0xFF, 0x12, 0x04, 0x7F, 0x30, 0x8A, 0x12, 0x7E,
    0xD4, 0x48, 0x71, 0x71, 0x80, 0x7F, 0xC8, 0x09, 0x01, 0x22, 0x24, 0x44, 0x88, 0x91, 0x10, 0x50,
    0x0A, 0x22, 0x47, 0x8F, 0x80, 0x8F, 0xC9, 0x0B, 0xA5, 0x14, 0xA4, 0x94, 0x92, 0xBA, 0x52, 0x88,
    0x42, 0xA8, 0x95, 0x63, 0x80, 0x20, 0x0F, 0xC4, 0x13, 0xFF, 0x44, 0x5F, 0xF4, 0x45, 0xFF, 0x44,
    0x51, 0x18, 0x4C, 0x23, 0xE7, 0x25, 0x24, 0xFF, 0x35, 0x40, 0xFA, 0x95, 0x7B, 0xF2, 0x55, 0xEA,
    0x8A, 0x51, 0x00, 0x40, 0x8E, 0x12, 0x4F, 0xFD, 0x5A, 0xAB, 0xF5, 0x6A, 0xFF, 0xC4, 0xA8, 0xB5,
    0x1E, 0xAC, 0x80, 0x08, 0x00, 0x83, 0xFF, 0x80, 0x07, 0xFC, 0x00, 0x1F, 0xF0, 0x00, 0x7F, 0xC8,
    0x09, 0xFF, 0x00, 0x52, 0x1F, 0xFD, 0x55, 0x3A, 0xC0, 0xA5, 0xFF, 0xC0, 0x03, 0xFE, 0x20, 0x84,
    0x10, 0xFE, 0x00, 0x41, 0x04, 0x20, 0x04, 0x00, 0x8C, 0xFE, 0x82, 0x10, 0x42, 0x08, 0x51, 0x0C,
    0x21, 0x04, 0x00, 0x41, 0x04, 0x20, 0x04, 0x00, 0x8E, 0x10, 0x42, 0x08, 0xA1, 0x14, 0x24, 0x46,
    0x88, 0xA0, 0x80, 0x41, 0x04, 0x20, 0x04, 0x00, 0x8E, 0x1E, 0x42, 0x08, 0x41, 0x08, 0x29, 0x06,
    0x20, 0xBF, 0x80, 0x88, 0x09, 0xF8, 0x44, 0x00, 0x8C, 0x10, 0xBF, 0xD0, 0x42, 0x08, 0x41, 0x0C,
    0x21, 0x04, 0x00, 0x81, 0x08, 0x50, 0x11, 0x0C, 0x1C, 0x40, 0x88, 0x91, 0x22, 0x38, 0x44, 0x2C,
    0x85, 0x0F, 0x80, 0x87, 0x88, 0x90, 0x12, 0x02, 0x4D, 0x8E, 0x80, 0x13, 0xF2, 0x42, 0x44, 0x8C,
    0x61, 0x73, 0x80, 0x8F, 0xE8, 0x20, 0x24, 0x82, 0xAC, 0x10, 0x9F, 0xD0, 0x42, 0x08, 0x51, 0x0C,
    0x21, 0x04, 0x00, 0x8F, 0xC9, 0x08, 0x21, 0x04, 0x2C, 0x84, 0x9F, 0x90, 0x02, 0x00, 0x44, 0x8D,
    0x09, 0x40, 0x80, 0x81, 0x08, 0x50, 0x11, 0x0C, 0x5C, 0x30, 0x98, 0x90, 0x22, 0x19, 0x4C, 0x4C,
    0x31, 0x38, 0x00, 0x81, 0x48, 0x24, 0x7F, 0x80, 0x8C, 0x10, 0xBE, 0x11, 0x22, 0x24, 0x44, 0xAC,
    0xED, 0x60, 0x80, 0x80, 0xC9, 0xE0, 0x04, 0x00, 0x8C, 0xFE, 0x82, 0x10, 0x42, 0x3E, 0x54, 0x4C,
    0x89, 0x1F, 0x00, 0x41, 0x05, 0xFC, 0x08, 0x02, 0x2C, 0xF8, 0x82, 0x10, 0x8A, 0x62, 0x40, 0x8C,
    0x69, 0x30, 0x80, 0x47, 0xC4, 0x20, 0x3F, 0x81, 0xCC, 0x54, 0xB2, 0x51, 0xF2, 0x12, 0x42, 0x6C,
    0x85, 0x63, 0x00, 0x88, 0x48, 0x90, 0x3F, 0x04, 0x2C, 0x84, 0x90, 0x93, 0xF2, 0x24, 0x54, 0xAD,
    0x15, 0x43, 0x80, 0x81, 0x09, 0xF8, 0x04, 0x07, 0xEC, 0x10, 0xBF, 0xD2, 0x12, 0x7E, 0x58, 0x4D,
    0xF9, 0x21, 0x00, 0x8F, 0xE9, 0x24, 0x2E, 0x84, 0x9C, 0xBA, 0x90, 0x52, 0xEA, 0x55, 0x5B, 0xAD,
    0x05, 0x41, 0x80, 0x41, 0x04, 0xA4, 0x25, 0x00, 0x8C, 0x28, 0x98, 0xD0, 0x42, 0x29, 0x49, 0x4C,
    0x51, 0x31, 0x80, 0x84, 0x49, 0xC8, 0x2F, 0x87, 0x2C, 0xA4, 0x9E, 0x92, 0xB2, 0xF2, 0x46, 0x4D,
    0x49, 0x5B, 0x00, 0x42, 0x04, 0x28, 0x2A, 0x09, 0x9C, 0x64, 0xB7, 0x90, 0x02, 0x7F, 0x4A, 0xAD,
    0x55, 0x7F, 0x80, 0x3F, 0x08, 0x23, 0xFF, 0x22, 0x27, 0xFC, 0x38, 0x79, 0x90, 0xCC, 0xE7, 0x43,
    0x27, 0x98, 0x00, 0x20, 0x07, 0xE1, 0x04, 0x7F, 0xE4, 0x04, 0x88, 0x91, 0x12, 0x22, 0x0A, 0x06,
    0x33, 0x01, 0x80, 0xFA, 0x11, 0x42, 0xAF, 0xD6, 0x2A, 0xA5, 0x54, 0xAA, 0xA5, 0x54, 0x21, 0x0A,
    0x52, 0x31, 0x80, 0xFA, 0x51, 0x4A, 0xAA, 0x55, 0x8A, 0xA1, 0x5F, 0xEA, 0xA5, 0x54, 0x22, 0x4A,
    0x4A, 0x2C, 0x80, 0x12, 0x24, 0x5B, 0xBC, 0x11, 0x12, 0x1E, 0xFF, 0x90, 0x12, 0x22, 0x44, 0x43,
    0x63, 0x83, 0x80, 0xFA, 0x11, 0x7E, 0xB0, 0xD4, 0x9A, 0x93, 0x52, 0x6A, 0xAD, 0x55, 0x27, 0x6A,
    0x06, 0x23, 0x00, 0xF8, 0x91, 0x12, 0xA3, 0xD4, 0x4A, 0x89, 0x51, 0x2A, 0xFD, 0x51, 0x22, 0x2A,
    0x46, 0x2F, 0x80, 0xF7, 0xF0, 0x26, 0x28, 0xFE, 0x60, 0x00, 0x7F, 0x08, 0x21, 0x24, 0x24, 0x83,
    0x63, 0x83, 0x80, 0x12, 0x1F, 0xF8, 0x49, 0x7F, 0xF9, 0x23, 0xFF, 0xD0, 0x12, 0x22, 0x44, 0x43,
    0x63, 0x83, 0x80, 0xF8, 0xB1, 0x16, 0xBF, 0xD4, 0x4A, 0xAB, 0x55, 0x6B, 0xED, 0x52, 0x22, 0x4A,
    0x96, 0x24, 0x80, 0x44, 0x04, 0xFC, 0x24, 0x91, 0x4C, 0xC6, 0x00, 0x1F, 0xF2, 0x22, 0x44, 0x43,
    0x63, 0x83, 0x80, 0xF9, 0x11, 0xFA, 0xA4, 0x57, 0xFA, 0xA3, 0x5B, 0x2A, 0xA5, 0x7F, 0x21, 0x0A,
    0x4A, 0x30, 0x80, 0x04, 0x0F, 0xF8, 0x10, 0x02, 0x0F, 0xFE, 0x08, 0x09, 0x01, 0x3E, 0x24, 0x0B,
    0x82, 0x0F, 0x80, 0x13, 0xCF, 0x08, 0x41, 0x08, 0x2F, 0xBC, 0x24, 0x14, 0x8A, 0xD1, 0x51, 0xF6,
    0x02, 0x3F, 0x80, 0x13, 0xEF, 0xA4, 0x44, 0x89, 0x3F, 0xC0, 0x27, 0xD4, 0x8A, 0xF1, 0x53, 0xF6,
    0x02, 0x3F, 0x80, 0x10, 0xAF, 0x7C, 0x4A, 0x09, 0x5F, 0xAA, 0x24, 0x94, 0xB2, 0xDB, 0x52, 0xB6,
    0x02, 0x3F, 0x80, 0x7F, 0xC8, 0x09, 0x01, 0x20, 0x27, 0xFC, 0x08, 0x09, 0x01, 0x3E, 0x24, 0x0B,
    0x82, 0x0F, 0x80, 0xF5, 0x12, 0xA2, 0x5F, 0x7C, 0x82, 0x10, 0x42, 0x2B, 0xFD, 0x88, 0xA2, 0x96,
    0x8B, 0x20, 0x80, 0xF4, 0x12, 0xFE, 0x60, 0xFB, 0xD2, 0x4A, 0x49, 0x6D, 0xED, 0x23, 0xA4, 0x16,
    0x87, 0x0F, 0x80, 0xEE, 0xF5, 0x56, 0xAA, 0xF5, 0x52, 0xAA, 0x5F, 0xEE, 0xAD, 0x55, 0xAA, 0xB7,
    0x57, 0x1D, 0x80, 0xF7, 0xF2, 0x82, 0x50, 0x7B, 0xF2, 0x42, 0x48, 0x6D, 0x0D, 0x3F, 0xA4, 0x16,
    0x83, 0x1F, 0x80, 0xF7, 0xF2, 0x86, 0x5F, 0xFA, 0x12, 0x42, 0x4F, 0xED, 0x25, 0x25, 0xA4, 0x56,
    0xAB, 0x18, 0x80, 0xF2, 0x12, 0x7A, 0x51, 0x7D, 0x42, 0x10, 0x45, 0x2F, 0x1D, 0x3E, 0xA4, 0x56,
    0x8B, 0x1F, 0x00, 0xF2, 0x92, 0x52, 0x6A, 0xFB, 0x62, 0x28, 0x45, 0x2D, 0xB5, 0x55, 0xA2, 0x96,
    0x97, 0x23, 0x80, 0xF1, 0x13, 0xFE, 0x60, 0xF8, 0x02, 0x7C, 0x40, 0x2B, 0xFD, 0x88, 0xA5, 0x57,
    0x27, 0x0C, 0x00, 0xF4, 0x53, 0xFE, 0x51, 0x7F, 0xF2, 0x28, 0x5F, 0xEE, 0xAD, 0x55, 0xAD, 0x77,
    0x07, 0x21, 0x80, 0xF4, 0x53, 0xFE, 0x4A, 0x7F, 0xF2, 0xAA, 0x55, 0x6F, 0x7D, 0x41, 0xAF, 0xF6,
    0x8B, 0x0B, 0x00, 0xF1, 0x13, 0xFE, 0x6A, 0xFA, 0x22, 0x92, 0x4F, 0xAD, 0x55, 0x7F, 0xA9, 0x37,
    0xFF, 0x04, 0x00, 0x08, 0x07, 0xF0, 0x82, 0x1F, 0xC2, 0x08, 0x7F, 0x48, 0x37, 0xFC, 0x04, 0x83,
    0x13, 0x8E, 0x00, 0x27, 0xEE, 0x81, 0x59, 0x3A, 0xA5, 0x54, 0xE9, 0x15, 0x27, 0xAA, 0x36, 0x4A,
    0x82, 0xDF, 0x80, 0x27, 0x8E, 0x91, 0x52, 0x3A, 0x45, 0x8E, 0xE2, 0x14, 0x47, 0xFF, 0x33, 0x8A,
    0xAA, 0xE4, 0x80, 0x29, 0x2E, 0xA9, 0x44, 0x3B, 0xF5, 0x42, 0xEF, 0x55, 0xAF, 0xB5, 0x37, 0xAA,
    0x86, 0xD1, 0x80, 0x08, 0x1F, 0xFC, 0x40, 0x12, 0x04, 0x40, 0xFF, 0x81, 0x00, 0x20, 0xFF, 0xE0,
    0x80, 0x10, 0x00, 0x21, 0x1E, 0xF9, 0x04, 0x50, 0x8A, 0xFF, 0xE4, 0x09, 0xF1, 0x82, 0xE2, 0x84,
    0x20, 0x82, 0x00, 0x27, 0xDE, 0x09, 0x02, 0x50, 0x8A, 0x69, 0xF0, 0xC9, 0xF1, 0x88, 0xE1, 0x04,
    0x20, 0xBF, 0x80, 0x11, 0x4F, 0xA4, 0x44, 0x7F, 0xF2, 0x11, 0xFA, 0x54, 0x53, 0xE4, 0x10, 0xBF,
    0xAC, 0x48, 0x80, 0x21, 0x1E, 0xFD, 0x00, 0x52, 0x2A, 0x83, 0xE8, 0x89, 0x11, 0x94, 0xE1, 0x04,
    0x50, 0xB1, 0x80, 0x2F, 0xFE, 0x51, 0x0A, 0x57, 0xFA, 0xAB, 0xF5, 0x4A, 0xA9, 0xEB, 0xE8, 0x25,
    0x04, 0xA1, 0x80, 0x22, 0x9F, 0x7D, 0x29, 0x25, 0x2F, 0xBE, 0x55, 0x08, 0xA7, 0xDF, 0x22, 0x88,
    0x91, 0x22, 0x00, 0x82, 0x08, 0x40, 0x3F, 0x81, 0x1C, 0x22, 0x84, 0x51, 0x0A, 0x21, 0x48, 0xD4,
    0x02, 0x7F, 0x80, 0x81, 0x08, 0x20, 0x04, 0x0F, 0xFC, 0x10, 0x85, 0x10, 0xA2, 0x22, 0x48, 0x34,
    0x02, 0x7F, 0x80, 0x80, 0xC9, 0xE0, 0x04, 0x00, 0x8D, 0xFE, 0x82, 0x10, 0x42, 0x08, 0x41, 0x14,
    0x02, 0x7F, 0x80, 0x9F, 0x88, 0x10, 0x12, 0x02, 0x4D, 0xF8, 0x89, 0x11, 0x2A, 0x25, 0x44, 0x54,
    0x02, 0x7F, 0x80, 0x80, 0x88, 0x10, 0x7F, 0x80, 0x4C, 0x88, 0x89, 0x11, 0x22, 0x04, 0x43, 0x94,
    0x02, 0x7F, 0x80, 0x9F, 0xE8, 0x80, 0x10, 0x03, 0xEC, 0x44, 0x88, 0x92, 0x12, 0x42, 0x51, 0x94,
    0x02, 0x7F, 0x80, 0x84, 0x0B, 0x3C, 0x44, 0x88, 0x9D, 0x12, 0xA2, 0x55, 0x4A, 0xCB, 0x41, 0x14,
    0x22, 0x7F, 0x80, 0x8F, 0xC8, 0x00, 0x00, 0x0F, 0xFC, 0x40, 0x88, 0x92, 0x12, 0x4D, 0x5E, 0x34,
    0x02, 0x7F, 0x80, 0x80, 0xC9, 0xE0, 0x20, 0x04, 0x0C, 0xFE, 0x91, 0x12, 0x22, 0x44, 0x50, 0x94,
    0x02, 0x7F, 0x80, 0x80, 0xE9, 0xE0, 0x20, 0x04, 0x0C, 0xFE, 0x98, 0x52, 0x92, 0x4C, 0x56, 0x74,
    0x02, 0x7F, 0x80, 0x9F, 0xE8, 0x20, 0x08, 0x01, 0x0C, 0x68, 0x94, 0x94, 0x8A, 0x10, 0x42, 0x14,
    0x02, 0x7F, 0x80, 0x82, 0x08, 0x20, 0x7F, 0x80, 0x2C, 0x44, 0x85, 0x10, 0x42, 0x14, 0x4C, 0x74,
    0x02, 0x7F, 0x80, 0x84, 0x88, 0x90, 0x7F, 0x82, 0x4C, 0x48, 0xBF, 0xD1, 0x22, 0x24, 0x48, 0x94,
    0x02, 0x7F, 0x80, 0x8F, 0xC8, 0x00, 0x00, 0x0F, 0xFC, 0x48, 0x89, 0x12, 0x22, 0x45, 0x50, 0xF4,
    0x02, 0x7F, 0x80, 0x82, 0x0B, 0xFC, 0x10, 0x04, 0x8C, 0x90, 0x9F, 0xD0, 0x42, 0xFF, 0x41, 0x14,
    0x22, 0x7F, 0x80, 0x81, 0x08, 0x40, 0x3F, 0x04, 0x2C, 0x84, 0x9F, 0x92, 0x12, 0x42, 0x4F, 0xD4,
    0x02, 0x7F, 0x80, 0x81, 0x09, 0x24, 0x15, 0x00, 0x8D, 0xFE, 0x87, 0x11, 0x52, 0xC9, 0x41, 0x14,
    0x02, 0x7F, 0x80, 0x82, 0x08, 0x20, 0x7F, 0x82, 0x4D, 0x4C, 0xA9, 0x59, 0x2A, 0x24, 0x49, 0x94,
    0x02, 0x7F, 0x80, 0x82, 0x09, 0xF8, 0x21, 0x07, 0xEC, 0x80, 0x9F, 0x92, 0x12, 0x42, 0x4F, 0xD4,
    0x02, 0x7F, 0x80, 0x8F, 0xC9, 0x08, 0x3F, 0x04, 0x2C, 0xFC, 0x94, 0x52, 0x52, 0x54, 0x4C, 0x74,
    0x02, 0x7F, 0x80, 0x85, 0x0A, 0xA8, 0x36, 0x02, 0x8C, 0xD8, 0xAA, 0x91, 0x42, 0x49, 0x51, 0xF4,
    0x02, 0x7F, 0x80, 0x89, 0x09, 0xF8, 0x44, 0x00, 0x8D, 0xFE, 0x89, 0x11, 0x22, 0x45, 0x50, 0xF4,
    0x02, 0x7F, 0x80, 0x8F, 0xC8, 0x20, 0x7F, 0x82, 0xAD, 0x92, 0x9F, 0x90, 0x9A, 0x21, 0x58, 0xD4,
    0x02, 0x7F, 0x80, 0x83, 0x88, 0x88, 0x60, 0x83, 0xEC, 0x10, 0x9F, 0xD0, 0x42, 0x2A, 0x4B, 0x34,
    0x02, 0x7F, 0x80, 0x9F, 0xE8, 0x00, 0x3F, 0x04, 0x2C, 0xFC, 0x80, 0x12, 0x12, 0x24, 0x5F, 0xF4,
    0x02, 0x7F, 0x80, 0x8F, 0xC8, 0x50, 0x04, 0x07, 0xFC, 0x92, 0x9F, 0xD2, 0x4A, 0x7F, 0x49, 0x34,
    0x02, 0x7F, 0x80, 0x81, 0x0B, 0xFC, 0x04, 0x07, 0xFC, 0x92, 0x9F, 0xD0, 0xE2, 0x2A, 0x59, 0x34,
    0x22, 0x7F, 0x80, 0x89, 0x09, 0xF8, 0x44, 0x00, 0x8D, 0xFE, 0x80, 0x13, 0xF2, 0x42, 0x4F, 0xD4,
    0x02, 0x7F, 0x80, 0x87, 0x89, 0x10, 0x7F, 0x84, 0x9C, 0x92, 0x9F, 0xD0, 0xD2, 0x29, 0x59, 0xF4,
    0x02, 0x7F, 0x80, 0x9F, 0xEA, 0x94, 0x7F, 0x81, 0x0C, 0x7E, 0xB8, 0x50, 0x92, 0x0C, 0x4E, 0x14,
    0x02, 0x7F, 0x80, 0x81, 0x0B, 0xFC, 0x40, 0x8F, 0xFD, 0x00, 0xBF, 0xD6, 0xAB, 0x7F, 0x4A, 0xB4,
    0x02, 0x7F, 0x80, 0x84, 0x8B, 0xFC, 0x08, 0x07, 0xEC, 0x84, 0x9F, 0x92, 0x12, 0x42, 0x4F, 0xD4,
    0x02, 0x7F, 0x80, 0x81, 0x09, 0xF8, 0x25, 0x0F, 0xFC, 0x00, 0x9F, 0x92, 0x52, 0x4A, 0x42, 0x95,
    0x8A, 0x7F, 0x80, 0x9C, 0x8A, 0xFC, 0x55, 0x4E, 0xA5, 0x3E, 0x39, 0x3D, 0xFA, 0xA4, 0x5C, 0x94,
    0x02, 0x7F, 0x80, 0xFD, 0xE4, 0xA4, 0x94, 0xFE, 0xA2, 0x54, 0x4A, 0x7F, 0x49, 0x29, 0x25, 0xC8,
    0xA2, 0x64, 0x00, 0x10, 0xE2, 0x17, 0xFA, 0xC9, 0x59, 0x2D, 0x25, 0x7F, 0xAC, 0x95, 0x92, 0xF2,
    0x53, 0xFA, 0x00, 0x11, 0xEF, 0xA4, 0x04, 0xA2, 0xA2, 0x95, 0xFE, 0x40, 0x4B, 0xE9, 0x45, 0xC8,
    0xA1, 0xF4, 0x00, 0x21, 0xFE, 0xA4, 0xA4, 0x98, 0xAF, 0xD4, 0x42, 0x5F, 0x4E, 0x29, 0x7D, 0xC8,
    0xA1, 0xF4, 0x00, 0xFB, 0xEA, 0x05, 0x40, 0xFC, 0x1A, 0x83, 0x57, 0xF6, 0x84, 0x50, 0xFA, 0x31,
    0x47, 0xE7, 0x80, 0xFA, 0xAA, 0x55, 0x4A, 0xFD, 0xDA, 0xEF, 0x55, 0x76, 0xAC, 0x55, 0xFA, 0xB1,
    0x57, 0xF2, 0x80, 0xFA, 0x8A, 0x7D, 0x52, 0x7C, 0x4A, 0xFF, 0x50, 0x36, 0xFC, 0x51, 0xFA, 0x31,
    0x47, 0xEF, 0x80, 0xFB, 0xEA, 0x45, 0x4F, 0xFD, 0x1A, 0xBF, 0x55, 0x36, 0xFC, 0x64, 0xFB, 0xF1,
    0x13, 0xEF, 0x80, 0x01, 0xCF, 0xC0, 0x21, 0x22, 0x42, 0x10, 0x08, 0x3F, 0xF8, 0xA8, 0x24, 0x98,
    0x8C, 0x10, 0x00, 0x1F, 0xFD, 0x04, 0x91, 0x59, 0xC6, 0xC7, 0xE2, 0x09, 0xF3, 0x88, 0x6F, 0xF4,
    0x20, 0x84, 0x00, 0x7F, 0xC8, 0x89, 0x11, 0x3F, 0xE4, 0x44, 0x88, 0x9F, 0xF0, 0x20, 0x7F, 0xC0,
    0x83, 0xFF, 0x80, 0x7F, 0xC0, 0x83, 0xFF, 0xA2, 0x27, 0xFC, 0x88, 0x9F, 0xF0, 0x20, 0x7F, 0xC0,
    0x83, 0xFF, 0x80, 0xFB, 0xF5, 0x07, 0xE5, 0x54, 0x4A, 0xFF, 0xF1, 0x48, 0x37, 0xC4, 0x20, 0x87,
    0x13, 0x0E, 0x00, 0x7F, 0xC8, 0x09, 0xFF, 0x20, 0x2F, 0xFE, 0x88, 0x9F, 0xF2, 0x22, 0x7F, 0xC0,
    0x83, 0xFF, 0x80, 0x04, 0x01, 0x40, 0xC6, 0x60, 0x33, 0xF8, 0x08, 0x01, 0x03, 0xFE, 0x24, 0x82,
    0xA3, 0xFF, 0x80, 0x41, 0x0E, 0x22, 0x04, 0x78, 0x84, 0xFE, 0x82, 0x3C, 0x42, 0x08, 0x51, 0x0C,
    0x21, 0x04, 0x00, 0x41, 0x0C, 0x22, 0x3F, 0xF4, 0x94, 0x92, 0x92, 0x7B, 0xFA, 0x08, 0x41, 0x0C,
    0x21, 0x04, 0x00, 0x4F, 0xED, 0x06, 0x20, 0xF6, 0x34, 0xAA, 0x92, 0x7A, 0xAA, 0x63, 0x48, 0x2D,
    0x05, 0x21, 0x80, 0x49, 0x0D, 0x22, 0x3F, 0x74, 0x85, 0x10, 0x82, 0x3B, 0xFA, 0x08, 0x42, 0x8C,
    0x89, 0x60, 0x80, 0x4F, 0xED, 0x06, 0x2E, 0xF4, 0x14, 0xBA, 0x95, 0x7A, 0xAA, 0x55, 0x4B, 0xAD,
    0x05, 0x21, 0x80, 0x41, 0x4D, 0xFE, 0x04, 0x77, 0xF4, 0x92, 0x9F, 0xFA, 0x4A, 0x7F, 0x49, 0x2D,
    0x25, 0x25, 0x80, 0x49, 0x2C, 0xAA, 0x04, 0x77, 0xF4, 0x82, 0x9F, 0xFA, 0x0A, 0x7F, 0x48, 0x2D,
    0x05, 0x21, 0x80, 0x49, 0x2C, 0xAA, 0x04, 0x77, 0xF4, 0x82, 0x92, 0x7A, 0x4A, 0x49, 0x42, 0x8C,
    0x89, 0x20, 0x80, 0x47, 0xCC, 0x22, 0x3F, 0xF1, 0xC4, 0x54, 0xB2, 0x79, 0xF2, 0x12, 0x42, 0x6C,
    0x85, 0x63, 0x00, 0x42, 0x0C, 0x7A, 0x31, 0x71, 0xC4, 0xD6, 0x8F, 0xB8, 0x42, 0x3E, 0x41, 0x0D,
    0xFD, 0x04, 0x00, 0x44, 0x8D, 0xFA, 0x12, 0x72, 0x45, 0xFE, 0x80, 0x3B, 0xF2, 0x42, 0x4F, 0xCD,
    0x09, 0x3F, 0x00, 0x4F, 0xED, 0x06, 0x20, 0xF7, 0xF4, 0x88, 0x9F, 0xFA, 0x22, 0x5F, 0x4A, 0x2D,
    0x45, 0x4F, 0x80, 0x41, 0x0D, 0xFE, 0x04, 0x73, 0xE4, 0x44, 0x8F, 0xB9, 0x12, 0x22, 0x4F, 0xEC,
    0x89, 0x20, 0x80, 0x20, 0x84, 0x20, 0x88, 0x16, 0x02, 0x01, 0xFF, 0xC9, 0x01, 0x10, 0x21, 0x05,
    0x10, 0xC1, 0x80, 0x9F, 0xE8, 0x04, 0x00, 0xC0, 0x18, 0x03, 0x00, 0x60, 0x0C, 0x01, 0x80, 0x30,
    0x06, 0x03, 0x80, 0x9F, 0xE8, 0x04, 0x10, 0xC2, 0x18, 0x43, 0x14, 0x62, 0x8C, 0x89, 0xA0, 0xB0,
    0x06, 0x03, 0x80, 0x9F, 0xE8, 0x04, 0x08, 0xC1, 0x1B, 0xFB, 0x04, 0x61, 0x8C, 0x51, 0xB2, 0x30,
    0xC6, 0x03, 0x80, 0x9F, 0xE8, 0x04, 0x7C, 0xC0, 0x99, 0x13, 0x3F, 0x60, 0x2D, 0xF5, 0x80, 0xB0,
    0xE6, 0x01, 0x80, 0x9F, 0xE8, 0x04, 0x00, 0xCF, 0x99, 0x13, 0x22, 0x67, 0xCC, 0x89, 0x91, 0x33,
    0xE6, 0x01, 0x80, 0x9F, 0xE8, 0x04, 0x10, 0xDF, 0xD8, 0x43, 0x7F, 0x69, 0x2D, 0x25, 0xA5, 0xB0,
    0x86, 0x11, 0x80, 0xF1, 0x12, 0x22, 0x44, 0x50, 0x8A, 0x11, 0x22, 0x24, 0xA4, 0x94, 0xE4, 0x50,
    0x8A, 0x20, 0x80, 0xE2, 0x54, 0x4A, 0xBF, 0xD1, 0x2C, 0x25, 0x44, 0xAB, 0xFD, 0x12, 0xE2, 0x50,
    0x8A, 0x21, 0x00, 0xE2, 0x14, 0x22, 0xFF, 0xD2, 0x0C, 0x41, 0x4F, 0xA9, 0x15, 0x22, 0xE8, 0x51,
    0x0A, 0x46, 0x00, 0xF7, 0xF2, 0x86, 0x50, 0xD3, 0xFA, 0x43, 0x28, 0x65, 0xFC, 0xA1, 0xE4, 0x31,
    0x06, 0x41, 0x80, 0xE2, 0x15, 0xFE, 0x90, 0x54, 0x8C, 0x91, 0x5F, 0xE8, 0x45, 0x08, 0xEF, 0xF0,
    0x22, 0x04, 0x00, 0xE7, 0xD4, 0x02, 0x80, 0x57, 0xFC, 0x11, 0x42, 0x2A, 0x55, 0x49, 0xE9, 0x32,
    0x26, 0x0C, 0x00, 0xE7, 0xF4, 0x12, 0xAF, 0xD5, 0x5C, 0xAB, 0x56, 0xEA, 0x8D, 0x51, 0xEA, 0x71,
    0x02, 0x3F, 0x80, 0xEF, 0xF4, 0x22, 0x88, 0x57, 0xFC, 0x83, 0x50, 0x6B, 0xFD, 0x41, 0xE8, 0x31,
    0x06, 0x3F, 0x80, 0xE1, 0x15, 0xFE, 0xA0, 0xD3, 0xEC, 0x01, 0x40, 0x2B, 0xFD, 0x14, 0xE2, 0x90,
    0x96, 0x63, 0x80, 0xE3, 0x94, 0x8A, 0xE0, 0xD3, 0xEC, 0x11, 0x42, 0x2B, 0xFD, 0x08, 0xE9, 0x52,
    0x26, 0x0C, 0x00, 0xE1, 0x14, 0x52, 0x91, 0x54, 0x1C, 0x7D, 0x40, 0x2A, 0x8D, 0x2A, 0xE5, 0x50,
    0x12, 0x3F, 0x80, 0xE1, 0x15, 0xFA, 0x80, 0x54, 0x2C, 0x49, 0x7F, 0xE8, 0x05, 0x7E, 0xE8, 0x51,
    0x0A, 0x3F, 0x00, 0xE2, 0x14, 0x7A, 0x91, 0x5C, 0x4C, 0x21, 0x59, 0xEA, 0x0D, 0x77, 0xE8, 0x31,
    0x06, 0x3F, 0x80, 0xE1, 0x16, 0xFE, 0xA4, 0x51, 0xEC, 0x65, 0x77, 0xAA, 0x95, 0x5E, 0xEA, 0x52,
    0x82, 0x4F, 0x80, 0xE3, 0xD4, 0x8A, 0xBF, 0xD0, 0x1C, 0xFF, 0x40, 0x6B, 0xFD, 0x10, 0xE5, 0x51,
    0x96, 0x5E, 0x80, 0xEF, 0xF4, 0x02, 0x9F, 0x52, 0x2C, 0x7D, 0x40, 0x2B, 0xFD, 0x55, 0xEF, 0xF1,
    0x26, 0x25, 0x80, 0xE1, 0x15, 0xFA, 0x92, 0x5F, 0xFC, 0x85, 0x5F, 0xAA, 0x15, 0x7E, 0xE1, 0x13,
    0xFE, 0x04, 0x00, 0xF1, 0x55, 0x7E, 0x84, 0x6B, 0x4A, 0x9B, 0x4D, 0xAE, 0x6D, 0x75, 0xC9, 0x92,
    0x82, 0x8F, 0x80, 0x02, 0x9E, 0x50, 0x5F, 0xCE, 0x45, 0x7E, 0xA9, 0x09, 0x21, 0x3F, 0x54, 0x8A,
    0x92, 0x1F, 0x80, 0x24, 0x0F, 0xFB, 0x10, 0x3F, 0xE4, 0x40, 0xFF, 0x81, 0x07, 0xFF, 0x15, 0x04,
    0x93, 0x11, 0x80, 0xFF, 0xE0, 0x80, 0x10, 0x7F, 0xF8, 0x43, 0x4A, 0x65, 0x2C, 0x21, 0xA5, 0x32,
    0x96, 0x10, 0x80, 0x7F, 0xC0, 0x83, 0xFF, 0xDA, 0xD0, 0xE0, 0x63, 0x31, 0x18, 0x10, 0x7F, 0xC1,
    0x10, 0x1C, 0x00, 0x7F, 0xC0, 0x83, 0xFF, 0xC2, 0x1B, 0x5A, 0x00, 0x1F, 0xF2, 0x22, 0x7F, 0xC8,
    0x89, 0xFF, 0x00, 0x7F, 0xC0, 0x83, 0xFF, 0xD2, 0x91, 0xFC, 0xC1, 0x0F, 0xE6, 0x23, 0x3F, 0xC2,
    0x09, 0x86, 0x00, 0x7F, 0xC0, 0x83, 0xFF, 0xC2, 0x1B, 0x5A, 0x00, 0x3F, 0xF8, 0x40, 0xFF, 0xF2,
    0x26, 0x45, 0x80, 0x7F, 0xC0, 0x83, 0xFF, 0xC2, 0x1B, 0x5A, 0x00, 0x08, 0xFF, 0xD1, 0x23, 0xEE,
    0x46, 0xAF, 0x80, 0x7F, 0xC0, 0x83, 0xFF, 0xD2, 0x5F, 0x7D, 0x38, 0xBC, 0xE1, 0x63, 0xB7, 0xD4,
    0x8B, 0xDF, 0x00, 0x7F, 0xC0, 0x83, 0xFF, 0xD2, 0x54, 0xFE, 0xD2, 0x73, 0xFB, 0x49, 0xAF, 0xE4,
    0x23, 0x3F, 0x80, 0x04, 0x0F, 0xF8, 0x10, 0x3F, 0xE0, 0x41, 0xFF, 0xC8, 0x21, 0xFC, 0x20, 0x87,
    0xF0, 0x82, 0x00, 0x21, 0x1F, 0x38, 0x89, 0x7D, 0xF2, 0x0B, 0xFF, 0xD2, 0x2B, 0xDF, 0x48, 0x8F,
    0x11, 0x26, 0x00, 0x11, 0x02, 0x23, 0xC7, 0x88, 0x81, 0x11, 0xE3, 0xC4, 0x40, 0x88, 0xF1, 0xE2,
    0x20, 0x44, 0x00, 0x44, 0x0F, 0xFA, 0x10, 0x7F, 0xF4, 0x04, 0xFF, 0x84, 0x47, 0x8F, 0x11, 0x1E,
    0x3C, 0x44, 0x00, 0x02, 0x0F, 0xFD, 0x22, 0x3F, 0xF5, 0xDC, 0xD5, 0x51, 0x43, 0xEF, 0x45, 0x0F,
    0xBE, 0x14, 0x00, 0xFF, 0xE0, 0x80, 0x20, 0x7F, 0xF9, 0x13, 0x3E, 0x64, 0x4C, 0x89, 0x9F, 0x32,
    0x27, 0xFF, 0x80, 0x11, 0x1F, 0xFC, 0x44, 0x0F, 0x80, 0x40, 0xFF, 0x91, 0x13, 0xFE, 0x04, 0x1F,
    0xFC, 0x10, 0x00, 0x04, 0x0F, 0xF8, 0x82, 0x08, 0x8F, 0xFE, 0x00, 0x0F, 0xE1, 0x04, 0x3F, 0x84,
    0x10, 0xFE, 0x00, 0xEF, 0xE8, 0x21, 0x3F, 0xA4, 0x14, 0x92, 0x92, 0x52, 0x4A, 0x49, 0x42, 0x88,
    0x8B, 0x20, 0x80, 0x8B, 0xF5, 0x12, 0xAF, 0xD5, 0x1A, 0xAB, 0x55, 0x6A, 0xAD, 0x55, 0xA8, 0x95,
    0x2A, 0x28, 0x80, 0xFB, 0xF0, 0x12, 0xEF, 0xD5, 0x1A, 0xAB, 0x75, 0x68, 0xAD, 0x15, 0xA8, 0x96,
    0x2A, 0x88, 0x80, 0xFB, 0xE1, 0x11, 0x4F, 0x91, 0x1F, 0xAA, 0x55, 0x4C, 0xA9, 0x15, 0x20, 0x84,
    0x29, 0x88, 0x80, 0x23, 0xE4, 0x11, 0x4F, 0xC7, 0x12, 0x2A, 0x25, 0x7E, 0xA8, 0x55, 0x50, 0x84,
    0x28, 0x48, 0x80, 0x1B, 0xFC, 0x10, 0x8F, 0xFD, 0x17, 0x2B, 0x55, 0x5C, 0xAA, 0x95, 0x50, 0x8B,
    0x2A, 0x48, 0x80, 0xFB, 0xF5, 0x13, 0xEF, 0xD5, 0x1F, 0xAA, 0x45, 0x7E, 0xA9, 0x15, 0x70, 0x95,
    0x28, 0x88, 0x80, 0x13, 0xFF, 0x92, 0xAF, 0xDD, 0x18, 0xAB, 0xF5, 0x52, 0xAB, 0xD5, 0x48, 0x8B,
    0xAB, 0x88, 0x80, 0x7F, 0xC8, 0x09, 0x05, 0x28, 0xA4, 0xA4, 0x88, 0x91, 0x12, 0x52, 0x51, 0x48,
    0x0E, 0x00, 0x80, 0xFF, 0xE5, 0x47, 0xF9, 0xD5, 0xBF, 0xEA, 0x05, 0x5E, 0xA8, 0x1B, 0xFF, 0x6A,
    0x46, 0xD0, 0x80, 0xFF, 0x00, 0x24, 0x05, 0x00, 0xC0, 0x14, 0x02, 0x40, 0x40, 0x08, 0x00, 0xA0,
    0x14, 0x01, 0x00, 0x0E, 0x06, 0x33, 0x11, 0x9F, 0xC2, 0x08, 0x7F, 0x08, 0x21, 0xFD, 0x22, 0x45,
    0x30, 0xC1, 0x80, 0x47, 0x8E, 0x92, 0x52, 0x12, 0x44, 0x48, 0x89, 0x11, 0x22, 0x24, 0x54, 0xAC,
    0x95, 0x23, 0x80, 0x40, 0xED, 0xE2, 0xA0, 0x04, 0x04, 0xFE, 0x98, 0x52, 0x8A, 0x4A, 0x48, 0x8D,
    0x29, 0x58, 0x80, 0x44, 0x0C, 0xFE, 0xA0, 0x83, 0xD4, 0x4A, 0x89, 0x51, 0xEA, 0x23, 0x54, 0x0C,
    0x85, 0x0F, 0x80, 0x4F, 0xEC, 0x8A, 0x9F, 0x02, 0x24, 0x44, 0x8F, 0x91, 0x12, 0x22, 0x45, 0xED,
    0xC9, 0x01, 0x00, 0x42, 0xCD, 0x96, 0x92, 0x0F, 0xF4, 0x48, 0x89, 0x51, 0xAA, 0xE2, 0x44, 0x4C,
    0x95, 0x34, 0x80, 0x41, 0x0D, 0xFE, 0xA0, 0x83, 0xE4, 0x44, 0x8F, 0x91, 0x02, 0x3F, 0x54, 0x2C,
    0x85, 0x1F, 0x80, 0x20, 0x82, 0x23, 0xFF, 0x82, 0x07, 0xFC, 0x80, 0x9F, 0xF2, 0x02, 0x7F, 0xC8,
    0x09, 0xFF, 0x00, 0xE7, 0xE4, 0x82, 0x99, 0x52, 0xAA, 0x55, 0xE9, 0x05, 0x21, 0xAA, 0xD6, 0x42,
    0x81, 0x9F, 0x80, 0xE2, 0x04, 0x22, 0xBF, 0xD0, 0x8A, 0x11, 0xE2, 0x05, 0xF1, 0x88, 0xD1, 0x02,
    0x21, 0xBF, 0x80, 0xE1, 0x04, 0x52, 0x91, 0x54, 0x1A, 0x7D, 0xE0, 0x06, 0x89, 0xAA, 0xD5, 0x42,
    0x11, 0xBF, 0x80, 0xEF, 0xE5, 0x26, 0x91, 0x51, 0xCA, 0xC7, 0xE2, 0x05, 0xF9, 0xA9, 0xD7, 0xE2,
    0x29, 0xBE, 0x80, 0x3F, 0x84, 0x10, 0xF2, 0x12, 0x4F, 0xFF, 0x41, 0x4F, 0xE1, 0x04, 0x3F, 0x84,
    0x10, 0x86, 0x00, 0x70, 0x8A, 0xFD, 0x44, 0x7D, 0x28, 0xF8, 0xE2, 0x14, 0x8B, 0xA2, 0x50, 0x8E,
    0x29, 0x58, 0x80, 0x72, 0x0A, 0x7D, 0x50, 0xFD, 0x28, 0x98, 0xE4, 0x97, 0x0B, 0xBF, 0x54, 0x2E,
    0x85, 0x5F, 0x80, 0x04, 0x1F, 0xFC, 0x82, 0x1F, 0xC0, 0x01, 0xFF, 0xE0, 0x0C, 0xF9, 0x91, 0x33,
    0xE6, 0x01, 0x80, 0x42, 0x2E, 0x2A, 0x4F, 0xFC, 0x4A, 0x89, 0xF7, 0xEA, 0x27, 0xC4, 0x03, 0xE3,
    0x13, 0x82, 0x00, 0x44, 0xAE, 0x5A, 0x5F, 0xFD, 0x6A, 0xCB, 0xF4, 0xAA, 0xFF, 0xEA, 0x03, 0x43,
    0x5F, 0x91, 0x00, 0x08, 0x07, 0xF0, 0x82, 0x14, 0x42, 0x58, 0x40, 0x0F, 0xF8, 0x01, 0xFF, 0x20,
    0x04, 0x07, 0x00, 0x01, 0x1E, 0xFA, 0x51, 0x4A, 0xA9, 0x4D, 0x28, 0x25, 0xFC, 0x81, 0xF7, 0xA0,
    0x04, 0x07, 0x00, 0xF9, 0x0A, 0x79, 0x49, 0x49, 0xAF, 0xAC, 0x64, 0x14, 0xFA, 0x81, 0x97, 0xB2,
    0x04, 0xC3, 0x00, 0x02, 0x0F, 0xFD, 0x22, 0x24, 0x47, 0xFE, 0x91, 0x16, 0x62, 0xEE, 0x6A, 0xA9,
    0x12, 0x22, 0x00, 0x11, 0x0F, 0xF8, 0x44, 0x7F, 0xF0, 0x40, 0xFF, 0x91, 0x13, 0xFE, 0x44, 0x4F,
    0xFB, 0x01, 0x80, 0x18, 0x9C, 0x10, 0x83, 0xFE, 0x46, 0x89, 0x49, 0x08, 0xFD, 0x51, 0x72, 0x35,
    0xC5, 0x8F, 0x80, 0x7F, 0xC8, 0x89, 0x55, 0x22, 0x27, 0xFC, 0x08, 0x1F, 0xF0, 0x20, 0xFF, 0xEA,
    0x4A, 0x24, 0x80, 0xF7, 0xA0, 0x2F, 0x7A, 0x02, 0xFF, 0x80, 0x0A, 0xAA, 0x66, 0xAA, 0xA6, 0x6E,
    0xE4, 0x04, 0x1F, 0xFC, 0x82, 0x08, 0x80, 0xE0, 0x63, 0x30, 0x19, 0x04, 0x20, 0x84, 0x11, 0x02,
    0x00, 0x04, 0x04, 0xF8, 0x90, 0x12, 0x0F, 0xFE, 0x00, 0x11, 0x12, 0x22, 0x4A, 0x4A, 0x29, 0xFF,
    0x00, 0x5F, 0xF4, 0x90, 0x40, 0x45, 0x49, 0x20, 0x41, 0x04, 0x09, 0x25, 0x44, 0x29, 0x49, 0x24,
    0x48, 0x80, 0x89, 0x12, 0x49, 0x4A, 0x00, 0xF6, 0xF0, 0x0F, 0xF0, 0x3D, 0x80, 0x74, 0x62, 0x11,
    0x10, 0x80, 0x20, 0x38, 0x28, 0x8A, 0x0E, 0x00,
};

static const CjkGlyph cjkFont12Glyphs[] = {
    { 0x0020,     0,  0,  0,   0,    0,  6 },   // U+0020
    { 0x0021,     0,  1,  9,   1,   -9,  4 },   // U+0021 '!'
    { 0x0022,     2,  3,  3,   1,   -9,  6 },   // U+0022 '"'
    { 0x0023,     4,  6,  9,   0,   -9,  7 },   // U+0023 '#'
    { 0x0024,    11,  5, 11,   0,  -10,  6 },   // U+0024 '$'
    { 0x0025,    18,  7,  9,   0,   -9,  8 },   // U+0025 '%'
    { 0x0026,    26,  6,  9,   0,   -9,  7 },   // U+0026 '&'
    { 0x0027,    33,  1,  3,   1,   -9,  4 },   // U+0027 '''
    { 0x0028,    34,  3, 11,   1,  -10,  6 },   // U+0028 '('
    { 0x0029,    39,  3, 11,   1,  -10,  6 },   // U+0029 ')'
    { 0x002A,    44,  5,  5,   0,   -6,  6 },   // U+002A '*'
    { 0x002B,    48,  5,  5,   0,   -6,  6 },   // U+002B '+'
    { 0x002C,    52,  2,  3,   0,   -1,  4 },   // U+002C ','
    { 0x002D,    53,  5,  1,   0,   -4,  6 },   // U+002D '-'
    { 0x002E,    54,  1,  1,   1,   -1,  4 },   // U+002E '.'
    { 0x002F,    55,  5, 11,   0,  -10,  6 },   // U+002F '/'
    { 0x0030,    62,  5,  9,   0,   -9,  6 },   // U+0030 '0'
    { 0x0031,    68,  3,  9,   1,   -9,  6 },   // U+0031 '1'
    { 0x0032,    72,  5,  9,   0,   -9,  6 },   // U+0032 '2'
    { 0x0033,    78,  5,  9,   0,   -9,  6 },   // U+0033 '3'
    { 0x0034,    84,  5,  9,   0,   -9,  6 },   // U+0034 '4'
    { 0x0035,    90,  5,  9,   0,   -9,  6 },   // U+0035 '5'
    { 0x0036,    96,  5,  9,   0,   -9,  6 },   // U+0036 '6'
    { 0x0037,   102,  5,  9,   0,   -9,  6 },   // U+0037 '7'
    { 0x0038,   108,  5,  9,   0,   -9,  6 },   // U+0038 '8'
    { 0x0039,   114,  5,  9,   0,   -9,  6 },   // U+0039 '9'
    { 0x003A,   120,  1,  6,   1,   -6,  4 },   // U+003A ':'
    { 0x003B,   121,  2,  8,   0,   -6,  4 },   // U+003B ';'
    { 0x003C,   123,  4,  7,   0,   -7,  5 },   // U+003C '<'
    { 0x003D,   127,  5,  3,   0,   -5,  6 },   // U+003D '='
    { 0x003E,   129,  4,  7,   0,   -7,  5 },   // U+003E '>'
    { 0x003F,   133,  5,  9,   0,   -9,  6 },   // U+003F '?'
    { 0x0040,   139,  7, 10,   0,   -9,  8 },   // U+0040 '@'
    { 0x0041,   148,  7,  9,   0,   -9,  8 },   // U+0041 'A'
    { 0x0042,   156,  6,  9,   0,   -9,  7 },   // U+0042 'B'
    { 0x0043,   163,  6,  9,   0,   -9,  7 },   // U+0043 'C'
    { 0x0044,   170,  6,  9,   0,   -9,  7 },   // U+0044 'D'
    { 0x0045,   177,  6,  9,   0,   -9,  7 },   // U+0045 'E'
    { 0x0046,   184,  6,  9,   0,   -9,  7 },   // U+0046 'F'
    { 0x0047,   191,  6,  9,   0,   -9,  7 },   // U+0047 'G'
    { 0x0048,   198,  6,  9,   0,   -9,  7 },   // U+0048 'H'
    { 0x0049,   205,  3,  9,   0,   -9,  4 },   // U+0049 'I'
    { 0x004A,   209,  5,  9,   0,   -9,  6 },   // U+004A 'J'
    { 0x004B,   215,  6,  9,   0,   -9,  7 },   // U+004B 'K'
    { 0x004C,   222,  5,  9,   0,   -9,  6 },   // U+004C 'L'
    { 0x004D,   228,  7,  9,   0,   -9,  8 },   // U+004D 'M'
    { 0x004E,   236,  6,  9,   0,   -9,  7 },   // U+004E 'N'
    { 0x004F,   243,  7,  9,   0,   -9,  8 },   // U+004F 'O'
    { 0x0050,   251,  6,  9,   0,   -9,  7 },   // U+0050 'P'
    { 0x0051,   258,  7,  9,   0,   -9,  8 },   // U+0051 'Q'
    { 0x0052,   266,  6,  9,   0,   -9,  7 },   // U+0052 'R'
    { 0x0053,   273,  6,  9,   0,   -9,  7 },   // U+0053 'S'
    { 0x0054,   280,  7,  9,   0,   -9,  8 },   // U+0054 'T'
    { 0x0055,   288,  6,  9,   0,   -9,  7 },   // U+0055 'U'
    { 0x0056,   295,  7,  9,   0,   -9,  8 },   // U+0056 'V'
    { 0x0057,   303,  9,  9,   0,   -9, 10 },   // U+0057 'W'
    { 0x0058,   314,  7,  9,   0,   -9,  8 },   // U+0058 'X'
    { 0x0059,   322,  7,  9,   0,   -9,  8 },   // U+0059 'Y'
    { 0x005A,   330,  6,  9,   0,   -9,  7 },   // U+005A 'Z'
    { 0x005B,   337,  3, 11,   1,  -10,  6 },   // U+005B '['
    { 0x005C,   342,  5, 11,   0,  -10,  6 },   // U+005C '\'
    { 0x005D,   349,  3, 11,   1,  -10,  6 },   // U+005D ']'
    { 0x005E,   354,  5,  3,   0,   -9,  6 },   // U+005E '^'
    { 0x005F,   356,  5,  1,   0,    1,  6 },   // U+005F '_'
    { 0x0060,   357,  2,  2,   1,   -9,  5 },   // U+0060 '`'
    { 0x0061,   358,  5,  6,   0,   -6,  6 },   // U+0061 'a'
    { 0x0062,   362,  5,  9,   0,   -9,  6 },   // U+0062 'b'
    { 0x0063,   368,  5,  6,   0,   -6,  6 },   // U+0063 'c'
    { 0x0064,   372,  5,  9,   0,   -9,  6 },   // U+0064 'd'
    { 0x0065,   378,  5,  6,   0,   -6,  6 },   // U+0065 'e'
    { 0x0066,   382,  4,  9,   0,   -9,  5 },   // U+0066 'f'
    { 0x0067,   387,  5,  8,   0,   -6,  6 },   // U+0067 'g'
    { 0x0068,   392,  5,  9,   0,   -9,  6 },   // U+0068 'h'
    { 0x0069,   398,  3,  9,   0,   -9,  4 },   // U+0069 'i'
    { 0x006A,   402,  3, 11,   0,   -9,  4 },   // U+006A 'j'
    { 0x006B,   407,  5,  9,   0,   -9,  6 },   // U+006B 'k'
    { 0x006C,   413,  3,  9,   0,   -9,  4 },   // U+006C 'l'
    { 0x006D,   417,  7,  6,   0,   -6,  8 },   // U+006D 'm'
    { 0x006E,   423,  5,  6,   0,   -6,  6 },   // U+006E 'n'
    { 0x006F,   427,  5,  6,   0,   -6,  6 },   // U+006F 'o'
    { 0x0070,   431,  5,  8,   0,   -6,  6 },   // U+0070 'p'
    { 0x0071,   436,  5,  8,   0,   -6,  6 },   // U+0071 'q'
    { 0x0072,   441,  4,  6,   0,   -6,  5 },   // U+0072 'r'
    { 0x0073,   444,  5,  6,   0,   -6,  6 },   // U+0073 's'
    { 0x0074,   448,  4,  9,   0,   -9,  5 },   // U+0074 't'
    { 0x0075,   453,  5,  6,   0,   -6,  6 },   // U+0075 'u'
    { 0x0076,   457,  5,  6,   0,   -6,  6 },   // U+0076 'v'
    { 0x0077,   461,  7,  6,   0,   -6,  8 },   // U+0077 'w'
    { 0x0078,   467,  5,  6,   0,   -6,  6 },   // U+0078 'x'
    { 0x0079,   471,  5,  8,   0,   -6,  6 },   // U+0079 'y'
    { 0x007A,   476,  5,  6,   0,   -6,  6 },   // U+007A 'z'
    { 0x007B,   480,  4, 11,   1,  -10,  7 },   // U+007B '{'
    { 0x007C,   486,  1, 11,   1,  -10,  4 },   // U+007C '|'
    { 0x007D,   488,  4, 11,   1,  -10,  7 },   // U+007D '}'
    { 0x007E,   494,  5,  3,   0,   -6,  6 },   // U+007E '~'
    { 0x00B7,   496,  2,  2,   5,   -5, 12 },   // U+00B7 ·
    { 0x2014,   497, 11,  1,   0,   -5, 12 },   // U+2014 —
    { 0x2018,   499,  2,  4,   8,  -10, 12 },   // U+2018 ‘
    { 0x2019,   500,  2,  4,   1,  -10, 12 },   // U+2019 ’
    { 0x201C,   501,  5,  4,   5,  -10, 12 },   // U+201C “
    { 0x201D,   504,  5,  4,   1,  -10, 12 },   // U+201D ”
    { 0x2026,   507, 10,  2,   1,   -5, 12 },   // U+2026 …
    { 0x3000,   510,  0,  0,   0,    0, 12 },   // U+3000 　
    { 0x3001,   510,  3,  3,   1,   -2, 12 },   // U+3001 、
    { 0x3002,   512,  4,  4,   1,   -3, 12 },   // U+3002 。
    { 0x3008,   514,  3, 11,   7,  -10, 12 },   // U+3008 〈
    { 0x3009,   519,  3, 11,   1,  -10, 12 },   // U+3009 〉
    { 0x300A,   524,  6, 11,   4,  -10, 12 },   // U+300A 《
    { 0x300B,   533,  6, 11,   1,  -10, 12 },   // U+300B 》
    { 0x3010,   542,  5, 11,   5,  -10, 12 },   // U+3010 【
    { 0x3011,   549,  5, 11,   1,  -10, 12 },   // U+3011 】
    { 0x30FB,   556,  2,  2,   5,   -5, 12 },   // U+30FB ・
    { 0x4E00,   557, 11,  1,   0,   -5, 12 },   // U+4E00 一
    { 0x4E0A,   559, 11, 11,   0,  -10, 12 },   // U+4E0A 上
    { 0x4E0B,   575, 11, 11,   0,  -10, 12 },   // U+4E0B 下
    { 0x4E0D,   591, 11, 11,   0,  -10, 12 },   // U+4E0D 不
    { 0x4E0E,   607, 11, 11,   0,  -10, 12 },   // U+4E0E 与
    { 0x4E10,   623, 11, 11,   0,  -10, 12 },   // U+4E10 丐
    { 0x4E14,   639, 11, 11,   0,  -10, 12 },   // U+4E14 且
    { 0x4E16,   655, 11, 11,   0,  -10, 12 },   // U+4E16 世
    { 0x4E1B,   671, 11, 11,   0,  -10, 12 },   // U+4E1B 丛
    { 0x4E1C,   687, 11, 11,   0,  -10, 12 },   // U+4E1C 东
    { 0x4E1D,   703, 11, 11,   0,  -10, 12 },   // U+4E1D 丝
    { 0x4E22,   719, 11, 11,   0,  -10, 12 },   // U+4E22 丢
    { 0x4E24,   735, 11, 11,   0,  -10, 12 },   // U+4E24 两
    { 0x4E25,   751, 11, 11,   0,  -10, 12 },   // U+4E25 严
    { 0x4E2A,   767, 11, 11,   0,  -10, 12 },   // U+4E2A 个
    { 0x4E2D,   783, 11, 11,   0,  -10, 12 },   // U+4E2D 中
    { 0x4E34,   799, 11, 11,   0,  -10, 12 },   // U+4E34 临
    { 0x4E3A,   815, 11, 11,   0,  -10, 12 },   // U+4E3A 为
    { 0x4E3B,   831, 11, 11,   0,  -10, 12 },   // U+4E3B 主
    { 0x4E3E,   847, 11, 11,   0,  -10, 12 },   // U+4E3E 举
    { 0x4E45,   863, 11, 11,   0,  -10, 12 },   // U+4E45 久
    { 0x4E48,   879, 11, 11,   0,  -10, 12 },   // U+4E48 么
    { 0x4E4B,   895, 11, 11,   0,  -10, 12 },   // U+4E4B 之
    { 0x4E4E,   911, 11, 11,   0,  -10, 12 },   // U+4E4E 乎
    { 0x4E5E,   927, 11, 11,   0,  -10, 12 },   // U+4E5E 乞
    { 0x4E5F,   943, 11, 11,   0,  -10, 12 },   // U+4E5F 也
    { 0x4E60,   959, 10, 11,   1,  -10, 12 },   // U+4E60 习
    { 0x4E70,   973, 11, 11,   0,  -10, 12 },   // U+4E70 买
    { 0x4E71,   989, 11, 11,   0,  -10, 12 },   // U+4E71 乱
    { 0x4E86,  1005,  9, 11,   1,  -10, 12 },   // U+4E86 了
    { 0x4E89,  1018, 11, 11,   0,  -10, 12 },   // U+4E89 争
    { 0x4E8B,  1034, 11, 11,   0,  -10, 12 },   // U+4E8B 事
    { 0x4E8E,  1050, 11, 11,   0,  -10, 12 },   // U+4E8E 于
    { 0x4E91,  1066, 11, 11,   0,  -10, 12 },   // U+4E91 云
    { 0x4E95,  1082, 11, 11,   0,  -10, 12 },   // U+4E95 井
    { 0x4E9B,  1098, 11, 11,   0,  -10, 12 },   // U+4E9B 些
    { 0x4E9F,  1114, 11, 11,   0,  -10, 12 },   // U+4E9F 亟
    { 0x4EA1,  1130, 11, 11,   0,  -10, 12 },   // U+4EA1 亡
    { 0x4EA2,  1146, 11, 11,   0,  -10, 12 },   // U+4EA2 亢
    { 0x4EA4,  1162, 11, 11,   0,  -10, 12 },   // U+4EA4 交
    { 0x4EAB,  1178, 11, 11,   0,  -10, 12 },   // U+4EAB 享
    { 0x4EAE,  1194, 11, 11,   0,  -10, 12 },   // U+4EAE 亮
    { 0x4EBA,  1210, 11, 11,   0,  -10, 12 },   // U+4EBA 人
    { 0x4EC0,  1226, 11, 11,   0,  -10, 12 },   // U+4EC0 什
    { 0x4EC5,  1242, 11, 11,   0,  -10, 12 },   // U+4EC5 仅
    { 0x4EC6,  1258, 11, 11,   0,  -10, 12 },   // U+4EC6 仆
    { 0x4ECA,  1274, 11, 11,   0,  -10, 12 },   // U+4ECA 今
    { 0x4ECD,  1290, 11, 11,   0,  -10, 12 },   // U+4ECD 仍
    { 0x4ECE,  1306, 11, 11,   0,  -10, 12 },   // U+4ECE 从
    { 0x4ED3,  1322, 11, 11,   0,  -10, 12 },   // U+4ED3 仓
    { 0x4ED6,  1338, 11, 11,   0,  -10, 12 },   // U+4ED6 他
    { 0x4EE3,  1354, 11, 11,   0,  -10, 12 },   // U+4EE3 代
    { 0x4EE4,  1370, 11, 11,   0,  -10, 12 },   // U+4EE4 令
    { 0x4EE5,  1386, 10, 11,   1,  -10, 12 },   // U+4EE5 以
    { 0x4EEC,  1400, 11, 11,   0,  -10, 12 },   // U+4EEC 们
    { 0x4EF6,  1416, 11, 11,   0,  -10, 12 },   // U+4EF6 件
    { 0x4EF7,  1432, 11, 11,   0,  -10, 12 },   // U+4EF7 价
    { 0x4EFB,  1448, 11, 11,   0,  -10, 12 },   // U+4EFB 任
    { 0x4EFD,  1464, 11, 11,   0,  -10, 12 },   // U+4EFD 份
    { 0x4F0F,  1480, 11, 11,   0,  -10, 12 },   // U+4F0F 伏
    { 0x4F10,  1496, 11, 11,   0,  -10, 12 },   // U+4F10 伐
    { 0x4F11,  1512, 11, 11,   0,  -10, 12 },   // U+4F11 休
    { 0x4F19,  1528, 11, 11,   0,  -10, 12 },   // U+4F19 伙
    { 0x4F1A,  1544, 11, 11,   0,  -10, 12 },   // U+4F1A 会
    { 0x4F1F,  1560, 11, 11,   0,  -10, 12 },   // U+4F1F 伟
    { 0x4F20,  1576, 11, 11,   0,  -10, 12 },   // U+4F20 传
    { 0x4F24,  1592, 11, 11,   0,  -10, 12 },   // U+4F24 伤
    { 0x4F38,  1608, 11, 11,   0,  -10, 12 },   // U+4F38 伸
    { 0x4F3C,  1624, 11, 11,   0,  -10, 12 },   // U+4F3C 似
    { 0x4F46,  1640, 11, 11,   0,  -10, 12 },   // U+4F46 但
    { 0x4F4D,  1656, 11, 11,   0,  -10, 12 },   // U+4F4D 位
    { 0x4F4E,  1672, 11, 11,   0,  -10, 12 },   // U+4F4E 低
    { 0x4F4F,  1688, 11, 11,   0,  -10, 12 },   // U+4F4F 住
    { 0x4F53,  1704, 11, 11,   0,  -10, 12 },   // U+4F53 体
    { 0x4F55,  1720, 11, 11,   0,  -10, 12 },   // U+4F55 何
    { 0x4F59,  1736, 11, 11,   0,  -10, 12 },   // U+4F59 余
    { 0x4F5C,  1752, 11, 11,   0,  -10, 12 },   // U+4F5C 作
    { 0x4F60,  1768, 11, 11,   0,  -10, 12 },   // U+4F60 你
    { 0x4F7F,  1784, 11, 11,   0,  -10, 12 },   // U+4F7F 使
    { 0x4F9B,  1800, 11, 11,   0,  -10, 12 },   // U+4F9B 供
    { 0x4FA6,  1816, 11, 11,   0,  -10, 12 },   // U+4FA6 侦
    { 0x4FA7,  1832, 11, 11,   0,  -10, 12 },   // U+4FA7 侧
    { 0x4FBF,  1848, 11, 11,   0,  -10, 12 },   // U+4FBF 便
    { 0x4FDD,  1864, 11, 11,   0,  -10, 12 },   // U+4FDD 保
    { 0x4FE1,  1880, 11, 11,   0,  -10, 12 },   // U+4FE1 信
    { 0x4FEE,  1896, 11, 11,   0,  -10, 12 },   // U+4FEE 修
    { 0x500D,  1912, 11, 11,   0,  -10, 12 },   // U+500D 倍
    { 0x5012,  1928, 11, 11,   0,  -10, 12 },   // U+5012 倒
    { 0x5019,  1944, 11, 11,   0,  -10, 12 },   // U+5019 候
    { 0x501A,  1960, 11, 11,   0,  -10, 12 },   // U+501A 倚
    { 0x503C,  1976, 11, 11,   0,  -10, 12 },   // U+503C 值
    { 0x5047,  1992, 11, 11,   0,  -10, 12 },   // U+5047 假
    { 0x505A,  2008, 11, 11,   0,  -10, 12 },   // U+505A 做
    { 0x505C,  2024, 11, 11,   0,  -10, 12 },   // U+505C 停
    { 0x5077,  2040, 11, 11,   0,  -10, 12 },   // U+5077 偷
    { 0x50A8,  2056, 11, 11,   0,  -10, 12 },   // U+50A8 储
    { 0x50CF,  2072, 11, 11,   0,  -10, 12 },   // U+50CF 像
    { 0x50F5,  2088, 11, 11,   0,  -10, 12 },   // U+50F5 僵
    { 0x5106,  2104, 11, 11,   0,  -10, 12 },   // U+5106 儆
    { 0x513F,  2120, 11, 11,   0,  -10, 12 },   // U+513F 儿
    { 0x5143,  2136, 11, 11,   0,  -10, 12 },   // U+5143 元
    { 0x5145,  2152, 11, 11,   0,  -10, 12 },   // U+5145 充
    { 0x5149,  2168, 11, 11,   0,  -10, 12 },   // U+5149 光
    { 0x514D,  2184, 11, 11,   0,  -10, 12 },   // U+514D 免
    { 0x5165,  2200, 11, 11,   0,  -10, 12 },   // U+5165 入
    { 0x5168,  2216, 11, 11,   0,  -10, 12 },   // U+5168 全
    { 0x516C,  2232, 11, 11,   0,  -10, 12 },   // U+516C 公
    { 0x516E,  2248, 11, 11,   0,  -10, 12 },   // U+516E 兮
    { 0x5173,  2264, 11, 11,   0,  -10, 12 },   // U+5173 关
    { 0x5174,  2280, 11, 11,   0,  -10, 12 },   // U+5174 兴
    { 0x5175,  2296, 11, 11,   0,  -10, 12 },   // U+5175 兵
    { 0x5176,  2312, 11, 11,   0,  -10, 12 },   // U+5176 其
    { 0x5177,  2328, 11, 11,   0,  -10, 12 },   // U+5177 具
    { 0x517D,  2344, 11, 11,   0,  -10, 12 },   // U+517D 兽
    { 0x5185,  2360, 11, 11,   0,  -10, 12 },   // U+5185 内
    { 0x518D,  2376, 11, 11,   0,  -10, 12 },   // U+518D 再
    { 0x5192,  2392, 11, 11,   0,  -10, 12 },   // U+5192 冒
    { 0x519B,  2408, 11, 11,   0,  -10, 12 },   // U+519B 军
    { 0x51B2,  2424, 11, 11,   0,  -10, 12 },   // U+51B2 冲
    { 0x51B7,  2440, 11, 11,   0,  -10, 12 },   // U+51B7 冷
    { 0x51BB,  2456, 11, 11,   0,  -10, 12 },   // U+51BB 冻
    { 0x51C0,  2472, 11, 11,   0,  -10, 12 },   // U+51C0 净
    { 0x51C6,  2488, 11, 11,   0,  -10, 12 },   // U+51C6 准
    { 0x51CF,  2504, 11, 11,   0,  -10, 12 },   // U+51CF 减
    { 0x51DD,  2520, 11, 11,   0,  -10, 12 },   // U+51DD 凝
    { 0x51E0,  2536, 11, 11,   0,  -10, 12 },   // U+51E0 几
    { 0x51F6,  2552, 11, 11,   0,  -10, 12 },   // U+51F6 凶
    { 0x51F9,  2568, 11, 11,   0,  -10, 12 },   // U+51F9 凹
    { 0x51FA,  2584, 11, 11,   0,  -10, 12 },   // U+51FA 出
    { 0x51FB,  2600, 11, 11,   0,  -10, 12 },   // U+51FB 击
    { 0x5200,  2616, 11, 11,   0,  -10, 12 },   // U+5200 刀
    { 0x5203,  2632, 11, 11,   0,  -10, 12 },   // U+5203 刃
    { 0x5206,  2648, 11, 11,   0,  -10, 12 },   // U+5206 分
    { 0x5207,  2664, 11, 11,   0,  -10, 12 },   // U+5207 切
    { 0x5219,  2680, 11, 11,   0,  -10, 12 },   // U+5219 则
    { 0x521A,  2696, 11, 11,   0,  -10, 12 },   // U+521A 刚
    { 0x5224,  2712, 11, 11,   0,  -10, 12 },   // U+5224 判
    { 0x5229,  2728, 11, 11,   0,  -10, 12 },   // U+5229 利
    { 0x522B,  2744, 11, 11,   0,  -10, 12 },   // U+522B 别
    { 0x522E,  2760, 11, 11,   0,  -10, 12 },   // U+522E 刮
    { 0x5230,  2776, 11, 11,   0,  -10, 12 },   // U+5230 到
    { 0x5236,  2792, 11, 11,   0,  -10, 12 },   // U+5236 制
    { 0x523A,  2808, 11, 11,   0,  -10, 12 },   // U+523A 刺
    { 0x5242,  2824, 11, 11,   0,  -10, 12 },   // U+5242 剂
    { 0x524D,  2840, 11, 11,   0,  -10, 12 },   // U+524D 前
    { 0x5251,  2856, 11, 11,   0,  -10, 12 },   // U+5251 剑
    { 0x5269,  2872, 11, 11,   0,  -10, 12 },   // U+5269 剩
    { 0x5272,  2888, 11, 11,   0,  -10, 12 },   // U+5272 割
    { 0x5288,  2904, 11, 11,   0,  -10, 12 },   // U+5288 劈
    { 0x529B,  2920, 11, 11,   0,  -10, 12 },   // U+529B 力
    { 0x529F,  2936, 11, 11,   0,  -10, 12 },   // U+529F 功
    { 0x52A0,  2952, 11, 11,   0,  -10, 12 },   // U+52A0 加
    { 0x52A8,  2968, 11, 11,   0,  -10, 12 },   // U+52A8 动
    { 0x52AB,  2984, 11, 11,   0,  -10, 12 },   // U+52AB 劫
    { 0x52B2,  3000, 11, 11,   0,  -10, 12 },   // U+52B2 劲
    { 0x52B3,  3016, 11, 11,   0,  -10, 12 },   // U+52B3 劳
    { 0x5305,  3032, 11, 11,   0,  -10, 12 },   // U+5305 包
    { 0x5316,  3048, 11, 11,   0,  -10, 12 },   // U+5316 化
    { 0x5317,  3064, 11, 11,   0,  -10, 12 },   // U+5317 北
    { 0x533A,  3080, 11, 11,   0,  -10, 12 },   // U+533A 区
    { 0x533B,  3096, 11, 11,   0,  -10, 12 },   // U+533B 医
    { 0x533F,  3112, 11, 11,   0,  -10, 12 },   // U+533F 匿
    { 0x5347,  3128, 11, 11,   0,  -10, 12 },   // U+5347 升
    { 0x534A,  3144, 11, 11,   0,  -10, 12 },   // U+534A 半
    { 0x5353,  3160, 11, 11,   0,  -10, 12 },   // U+5353 卓
    { 0x5357,  3176, 11, 11,   0,  -10, 12 },   // U+5357 南
    { 0x5360,  3192, 10, 11,   1,  -10, 12 },   // U+5360 占
    { 0x536B,  3206, 11, 11,   0,  -10, 12 },   // U+536B 卫
    { 0x5370,  3222, 11, 11,   0,  -10, 12 },   // U+5370 印
    { 0x5371,  3238, 11, 11,   0,  -10, 12 },   // U+5371 危
    { 0x5373,  3254, 11, 11,   0,  -10, 12 },   // U+5373 即
    { 0x5374,  3270, 11, 11,   0,  -10, 12 },   // U+5374 却
    { 0x5377,  3286, 11, 11,   0,  -10, 12 },   // U+5377 卷
    { 0x5385,  3302, 11, 11,   0,  -10, 12 },   // U+5385 厅
    { 0x5386,  3318, 11, 11,   0,  -10, 12 },   // U+5386 历
    { 0x538B,  3334, 11, 11,   0,  -10, 12 },   // U+538B 压
    { 0x539A,  3350, 11, 11,   0,  -10, 12 },   // U+539A 厚
    { 0x539F,  3366, 11, 11,   0,  -10, 12 },   // U+539F 原
    { 0x53BB,  3382, 11, 11,   0,  -10, 12 },   // U+53BB 去
    { 0x53C2,  3398, 11, 11,   0,  -10, 12 },   // U+53C2 参
    { 0x53C8,  3414, 11, 11,   0,  -10, 12 },   // U+53C8 又
    { 0x53CA,  3430, 11, 11,   0,  -10, 12 },   // U+53CA 及
    { 0x53CB,  3446, 11, 11,   0,  -10, 12 },   // U+53CB 友
    { 0x53CC,  3462, 11, 11,   0,  -10, 12 },   // U+53CC 双
    { 0x53CD,  3478, 11, 11,   0,  -10, 12 },   // U+53CD 反
    { 0x53D1,  3494, 11, 11,   0,  -10, 12 },   // U+53D1 发
    { 0x53D6,  3510, 11, 11,   0,  -10, 12 },   // U+53D6 取
    { 0x53D7,  3526, 11, 11,   0,  -10, 12 },   // U+53D7 受
    { 0x53D8,  3542, 11, 11,   0,  -10, 12 },   // U+53D8 变
    { 0x53DB,  3558, 11, 11,   0,  -10, 12 },   // U+53DB 叛
    { 0x53E3,  3574,  9,  9,   1,   -9, 12 },   // U+53E3 口
    { 0x53E4,  3585, 11, 11,   0,  -10, 12 },   // U+53E4 古
    { 0x53E6,  3601, 11, 11,   0,  -10, 12 },   // U+53E6 另
    { 0x53EA,  3617, 11, 11,   0,  -10, 12 },   // U+53EA 只
    { 0x53EB,  3633, 11, 11,   0,  -10, 12 },   // U+53EB 叫
    { 0x53EF,  3649, 11, 11,   0,  -10, 12 },   // U+53EF 可
    { 0x53F0,  3665, 11, 11,   0,  -10, 12 },   // U+53F0 台
    { 0x53F3,  3681, 11, 11,   0,  -10, 12 },   // U+53F3 右
    { 0x53F6,  3697, 11, 11,   0,  -10, 12 },   // U+53F6 叶
    { 0x5403,  3713, 11, 11,   0,  -10, 12 },   // U+5403 吃
    { 0x5408,  3729, 11, 11,   0,  -10, 12 },   // U+5408 合
    { 0x540C,  3745, 11, 11,   0,  -10, 12 },   // U+540C 同
    { 0x540D,  3761, 11, 11,   0,  -10, 12 },   // U+540D 名
    { 0x540E,  3777, 11, 11,   0,  -10, 12 },   // U+540E 后
    { 0x5411,  3793, 11, 11,   0,  -10, 12 },   // U+5411 向
    { 0x5413,  3809, 11, 11,   0,  -10, 12 },   // U+5413 吓
    { 0x5417,  3825, 11, 11,   0,  -10, 12 },   // U+5417 吗
    { 0x541E,  3841, 11, 11,   0,  -10, 12 },   // U+541E 吞
    { 0x5426,  3857, 11, 11,   0,  -10, 12 },   // U+5426 否
    { 0x542C,  3873, 11, 11,   0,  -10, 12 },   // U+542C 听
    { 0x542F,  3889, 11, 11,   0,  -10, 12 },   // U+542F 启
    { 0x5431,  3905, 11, 11,   0,  -10, 12 },   // U+5431 吱
    { 0x5438,  3921, 11, 11,   0,  -10, 12 },   // U+5438 吸
    { 0x543C,  3937, 11, 11,   0,  -10, 12 },   // U+543C 吼
    { 0x5446,  3953, 11, 11,   0,  -10, 12 },   // U+5446 呆
    { 0x5458,  3969, 11, 11,   0,  -10, 12 },   // U+5458 员
    { 0x5462,  3985, 11, 11,   0,  -10, 12 },   // U+5462 呢
    { 0x5468,  4001, 11, 11,   0,  -10, 12 },   // U+5468 周
    { 0x5473,  4017, 11, 11,   0,  -10, 12 },   // U+5473 味
    { 0x547C,  4033, 11, 11,   0,  -10, 12 },   // U+547C 呼
    { 0x547D,  4049, 11, 11,   0,  -10, 12 },   // U+547D 命
    { 0x5486,  4065, 11, 11,   0,  -10, 12 },   // U+5486 咆
    { 0x548C,  4081, 11, 11,   0,  -10, 12 },   // U+548C 和
    { 0x5492,  4097, 11, 11,   0,  -10, 12 },   // U+5492 咒
    { 0x54AF,  4113, 11, 11,   0,  -10, 12 },   // U+54AF 咯
    { 0x54B3,  4129, 11, 11,   0,  -10, 12 },   // U+54B3 咳
    { 0x54BD,  4145, 11, 11,   0,  -10, 12 },   // U+54BD 咽
    { 0x54C0,  4161, 11, 11,   0,  -10, 12 },   // U+54C0 哀
    { 0x54C1,  4177, 11, 11,   0,  -10, 12 },   // U+54C1 品
    { 0x54CD,  4193, 11, 11,   0,  -10, 12 },   // U+54CD 响
    { 0x54E8,  4209, 11, 11,   0,  -10, 12 },   // U+54E8 哨
    { 0x54ED,  4225, 11, 11,   0,  -10, 12 },   // U+54ED 哭
    { 0x54EE,  4241, 11, 11,   0,  -10, 12 },   // U+54EE 哮
    { 0x552F,  4257, 11, 11,   0,  -10, 12 },   // U+552F 唯
    { 0x5543,  4273, 11, 11,   0,  -10, 12 },   // U+5543 啃
    { 0x5546,  4289, 11, 11,   0,  -10, 12 },   // U+5546 商
    { 0x556A,  4305, 11, 11,   0,  -10, 12 },   // U+556A 啪
    { 0x5578,  4321, 11, 11,   0,  -10, 12 },   // U+5578 啸
    { 0x5583,  4337, 11, 11,   0,  -10, 12 },   // U+5583 喃
    { 0x5584,  4353, 11, 11,   0,  -10, 12 },   // U+5584 善
    { 0x559C,  4369, 11, 11,   0,  -10, 12 },   // U+559C 喜
    { 0x559D,  4385, 11, 11,   0,  -10, 12 },   // U+559D 喝
    { 0x55A7,  4401, 11, 11,   0,  -10, 12 },   // U+55A7 喧
    { 0x55E1,  4417, 11, 11,   0,  -10, 12 },   // U+55E1 嗡
    { 0x55FD,  4433, 11, 11,   0,  -10, 12 },   // U+55FD 嗽
    { 0x5608,  4449, 11, 11,   0,  -10, 12 },   // U+5608 嘈
    { 0x560E,  4465, 11, 11,   0,  -10, 12 },   // U+560E 嘎
    { 0x5668,  4481, 11, 11,   0,  -10, 12 },   // U+5668 器
    { 0x566A,  4497, 11, 11,   0,  -10, 12 },   // U+566A 噪
    { 0x566C,  4513, 11, 11,   0,  -10, 12 },   // U+566C 噬
    { 0x56A3,  4529, 11, 11,   0,  -10, 12 },   // U+56A3 嚣
    { 0x56DB,  4545, 11, 11,   0,  -10, 12 },   // U+56DB 四
    { 0x56DE,  4561, 11, 11,   0,  -10, 12 },   // U+56DE 回
    { 0x56E4,  4577, 11, 11,   0,  -10, 12 },   // U+56E4 囤
    { 0x56ED,  4593, 11, 11,   0,  -10, 12 },   // U+56ED 园
    { 0x56F4,  4609, 11, 11,   0,  -10, 12 },   // U+56F4 围
    { 0x56FA,  4625, 11, 11,   0,  -10, 12 },   // U+56FA 固
    { 0x56FE,  4641, 11, 11,   0,  -10, 12 },   // U+56FE 图
    { 0x571F,  4657, 11, 11,   0,  -10, 12 },   // U+571F 土
    { 0x5728,  4673, 11, 11,   0,  -10, 12 },   // U+5728 在
    { 0x5730,  4689, 11, 11,   0,  -10, 12 },   // U+5730 地
    { 0x573A,  4705, 11, 11,   0,  -10, 12 },   // U+573A 场
    { 0x5740,  4721, 11, 11,   0,  -10, 12 },   // U+5740 址
    { 0x5747,  4737, 11, 11,   0,  -10, 12 },   // U+5747 均
    { 0x574A,  4753, 11, 11,   0,  -10, 12 },   // U+574A 坊
    { 0x574F,  4769, 11, 11,   0,  -10, 12 },   // U+574F 坏
    { 0x5750,  4785, 11, 11,   0,  -10, 12 },   // U+5750 坐
    { 0x5751,  4801, 11, 11,   0,  -10, 12 },   // U+5751 坑
    { 0x5757,  4817, 11, 11,   0,  -10, 12 },   // U+5757 块
    { 0x575A,  4833, 11, 11,   0,  -10, 12 },   // U+575A 坚
    { 0x5760,  4849, 11, 11,   0,  -10, 12 },   // U+5760 坠
    { 0x578B,  4865, 11, 11,   0,  -10, 12 },   // U+578B 型
    { 0x5792,  4881, 11, 11,   0,  -10, 12 },   // U+5792 垒
    { 0x57A3,  4897, 11, 11,   0,  -10, 12 },   // U+57A3 垣
    { 0x57AE,  4913, 11, 11,   0,  -10, 12 },   // U+57AE 垮
    { 0x57CB,  4929, 11, 11,   0,  -10, 12 },   // U+57CB 埋
    { 0x57CE,  4945, 11, 11,   0,  -10, 12 },   // U+57CE 城
    { 0x5806,  4961, 11, 11,   0,  -10, 12 },   // U+5806 堆
    { 0x582A,  4977, 11, 11,   0,  -10, 12 },   // U+582A 堪
    { 0x5835,  4993, 11, 11,   0,  -10, 12 },   // U+5835 堵
    { 0x584C,  5009, 11, 11,   0,  -10, 12 },   // U+584C 塌
    { 0x5854,  5025, 11, 11,   0,  -10, 12 },   // U+5854 塔
    { 0x585E,  5041, 11, 11,   0,  -10, 12 },   // U+585E 塞
    { 0x586B,  5057, 11, 11,   0,  -10, 12 },   // U+586B 填
    { 0x5899,  5073, 11, 11,   0,  -10, 12 },   // U+5899 墙
    { 0x589E,  5089, 11, 11,   0,  -10, 12 },   // U+589E 增
    { 0x589F,  5105, 11, 11,   0,  -10, 12 },   // U+589F 墟
    { 0x58C1,  5121, 11, 11,   0,  -10, 12 },   // U+58C1 壁
    { 0x58D1,  5137, 11, 11,   0,  -10, 12 },   // U+58D1 壑
    { 0x58EB,  5153, 11, 11,   0,  -10, 12 },   // U+58EB 士
    { 0x58F0,  5169, 11, 11,   0,  -10, 12 },   // U+58F0 声
    { 0x58F3,  5185, 11, 11,   0,  -10, 12 },   // U+58F3 壳
    { 0x58F6,  5201, 11, 11,   0,  -10, 12 },   // U+58F6 壶
    { 0x5904,  5217, 11, 11,   0,  -10, 12 },   // U+5904 处
    { 0x5907,  5233, 11, 11,   0,  -10, 12 },   // U+5907 备
    { 0x590D,  5249, 11, 11,   0,  -10, 12 },   // U+590D 复
    { 0x5916,  5265, 11, 11,   0,  -10, 12 },   // U+5916 外
    { 0x591A,  5281, 11, 11,   0,  -10, 12 },   // U+591A 多
    { 0x591C,  5297, 11, 11,   0,  -10, 12 },   // U+591C 夜
    { 0x591F,  5313, 11, 11,   0,  -10, 12 },   // U+591F 够
    { 0x5927,  5329, 11, 11,   0,  -10, 12 },   // U+5927 大
    { 0x5929,  5345, 11, 11,   0,  -10, 12 },   // U+5929 天
    { 0x592A,  5361, 11, 11,   0,  -10, 12 },   // U+592A 太
    { 0x592E,  5377, 11, 11,   0,  -10, 12 },   // U+592E 央
    { 0x5931,  5393, 11, 11,   0,  -10, 12 },   // U+5931 失
    { 0x5934,  5409, 11, 11,   0,  -10, 12 },   // U+5934 头
    { 0x5947,  5425, 11, 11,   0,  -10, 12 },   // U+5947 奇
    { 0x594B,  5441, 11, 11,   0,  -10, 12 },   // U+594B 奋
    { 0x5957,  5457, 11, 11,   0,  -10, 12 },   // U+5957 套
    { 0x5979,  5473, 11, 11,   0,  -10, 12 },   // U+5979 她
    { 0x597D,  5489, 11, 11,   0,  -10, 12 },   // U+597D 好
    { 0x5982,  5505, 11, 11,   0,  -10, 12 },   // U+5982 如
    { 0x59A5,  5521, 11, 11,   0,  -10, 12 },   // U+59A5 妥
    { 0x59CB,  5537, 11, 11,   0,  -10, 12 },   // U+59CB 始
    { 0x5B50,  5553, 11, 11,   0,  -10, 12 },   // U+5B50 子
    { 0x5B57,  5569, 11, 11,   0,  -10, 12 },   // U+5B57 字
    { 0x5B58,  5585, 11, 11,   0,  -10, 12 },   // U+5B58 存
    { 0x5B64,  5601, 11, 11,   0,  -10, 12 },   // U+5B64 孤
    { 0x5B66,  5617, 11, 11,   0,  -10, 12 },   // U+5B66 学
    { 0x5B69,  5633, 11, 11,   0,  -10, 12 },   // U+5B69 孩
    { 0x5B83,  5649, 11, 11,   0,  -10, 12 },   // U+5B83 它
    { 0x5B85,  5665, 11, 11,   0,  -10, 12 },   // U+5B85 宅
    { 0x5B88,  5681, 11, 11,   0,  -10, 12 },   // U+5B88 守
    { 0x5B89,  5697, 11, 11,   0,  -10, 12 },   // U+5B89 安
    { 0x5B8C,  5713, 11, 11,   0,  -10, 12 },   // U+5B8C 完
    { 0x5B97,  5729, 11, 11,   0,  -10, 12 },   // U+5B97 宗
    { 0x5B98,  5745, 11, 11,   0,  -10, 12 },   // U+5B98 官
    { 0x5B9A,  5761, 11, 11,   0,  -10, 12 },   // U+5B9A 定
    { 0x5B9B,  5777, 11, 11,   0,  -10, 12 },   // U+5B9B 宛
    { 0x5B9C,  5793, 11, 11,   0,  -10, 12 },   // U+5B9C 宜
    { 0x5B9E,  5809, 11, 11,   0,  -10, 12 },   // U+5B9E 实
    { 0x5BA2,  5825, 11, 11,   0,  -10, 12 },   // U+5BA2 客
    { 0x5BA4,  5841, 11, 11,   0,  -10, 12 },   // U+5BA4 室
    { 0x5BB0,  5857, 11, 11,   0,  -10, 12 },   // U+5BB0 宰
    { 0x5BB3,  5873, 11, 11,   0,  -10, 12 },   // U+5BB3 害
    { 0x5BB6,  5889, 11, 11,   0,  -10, 12 },   // U+5BB6 家
    { 0x5BB9,  5905, 11, 11,   0,  -10, 12 },   // U+5BB9 容
    { 0x5BBD,  5921, 11, 11,   0,  -10, 12 },   // U+5BBD 宽
    { 0x5BBF,  5937, 11, 11,   0,  -10, 12 },   // U+5BBF 宿
    { 0x5BC2,  5953, 11, 11,   0,  -10, 12 },   // U+5BC2 寂
    { 0x5BC6,  5969, 11, 11,   0,  -10, 12 },   // U+5BC6 密
    { 0x5BD2,  5985, 11, 11,   0,  -10, 12 },   // U+5BD2 寒
    { 0x5BDF,  6001, 11, 11,   0,  -10, 12 },   // U+5BDF 察
    { 0x5BE8,  6017, 11, 11,   0,  -10, 12 },   // U+5BE8 寨
    { 0x5BF9,  6033, 11, 11,   0,  -10, 12 },   // U+5BF9 对
    { 0x5BFC,  6049, 11, 11,   0,  -10, 12 },   // U+5BFC 导
    { 0x5C01,  6065, 11, 11,   0,  -10, 12 },   // U+5C01 封
    { 0x5C04,  6081, 11, 11,   0,  -10, 12 },   // U+5C04 射
    { 0x5C06,  6097, 11, 11,   0,  -10, 12 },   // U+5C06 将
    { 0x5C0F,  6113, 11, 11,   0,  -10, 12 },   // U+5C0F 小
    { 0x5C11,  6129, 11, 11,   0,  -10, 12 },   // U+5C11 少
    { 0x5C16,  6145, 11, 11,   0,  -10, 12 },   // U+5C16 尖
    { 0x5C18,  6161, 11, 11,   0,  -10, 12 },   // U+5C18 尘
    { 0x5C24,  6177, 11, 11,   0,  -10, 12 },   // U+5C24 尤
    { 0x5C31,  6193, 11, 11,   0,  -10, 12 },   // U+5C31 就
    { 0x5C38,  6209, 11, 11,   0,  -10, 12 },   // U+5C38 尸
    { 0x5C3D,  6225, 11, 11,   0,  -10, 12 },   // U+5C3D 尽
    { 0x5C3E,  6241, 11, 11,   0,  -10, 12 },   // U+5C3E 尾
    { 0x5C42,  6257, 11, 11,   0,  -10, 12 },   // U+5C42 层
    { 0x5C45,  6273, 11, 11,   0,  -10, 12 },   // U+5C45 居
    { 0x5C49,  6289, 11, 11,   0,  -10, 12 },   // U+5C49 屉
    { 0x5C4B,  6305, 11, 11,   0,  -10, 12 },   // U+5C4B 屋
    { 0x5C5E,  6321, 11, 11,   0,  -10, 12 },   // U+5C5E 属
    { 0x5C65,  6337, 11, 11,   0,  -10, 12 },   // U+5C65 履
    { 0x5C79,  6353, 11, 11,   0,  -10, 12 },   // U+5C79 屹
    { 0x5CA9,  6369, 11, 11,   0,  -10, 12 },   // U+5CA9 岩
    { 0x5CCB,  6385, 11, 11,   0,  -10, 12 },   // U+5CCB 峋
    { 0x5D16,  6401, 11, 11,   0,  -10, 12 },   // U+5D16 崖
    { 0x5D29,  6417, 11, 11,   0,  -10, 12 },   // U+5D29 崩
    { 0x5D4C,  6433, 11, 11,   0,  -10, 12 },   // U+5D4C 嵌
    { 0x5D99,  6449, 11, 11,   0,  -10, 12 },   // U+5D99 嶙
    { 0x5DE1,  6465, 11, 11,   0,  -10, 12 },   // U+5DE1 巡
    { 0x5DE2,  6481, 11, 11,   0,  -10, 12 },   // U+5DE2 巢
    { 0x5DE5,  6497, 11, 11,   0,  -10, 12 },   // U+5DE5 工
    { 0x5DE6,  6513, 11, 11,   0,  -10, 12 },   // U+5DE6 左
    { 0x5DE8,  6529, 11, 11,   0,  -10, 12 },   // U+5DE8 巨
    { 0x5DEE,  6545, 11, 11,   0,  -10, 12 },   // U+5DEE 差
    { 0x5DF2,  6561, 10, 11,   1,  -10, 12 },   // U+5DF2 已
    { 0x5DF7,  6575, 11, 11,   0,  -10, 12 },   // U+5DF7 巷
    { 0x5E02,  6591, 11, 11,   0,  -10, 12 },   // U+5E02 市
    { 0x5E03,  6607, 11, 11,   0,  -10, 12 },   // U+5E03 布
    { 0x5E06,  6623, 11, 11,   0,  -10, 12 },   // U+5E06 帆
    { 0x5E08,  6639, 11, 11,   0,  -10, 12 },   // U+5E08 师
    { 0x5E0C,  6655, 11, 11,   0,  -10, 12 },   // U+5E0C 希
    { 0x5E10,  6671, 11, 11,   0,  -10, 12 },   // U+5E10 帐
    { 0x5E26,  6687, 11, 11,   0,  -10, 12 },   // U+5E26 带
    { 0x5E2D,  6703, 11, 11,   0,  -10, 12 },   // U+5E2D 席
    { 0x5E2E,  6719, 11, 11,   0,  -10, 12 },   // U+5E2E 帮
    { 0x5E38,  6735, 11, 11,   0,  -10, 12 },   // U+5E38 常
    { 0x5E72,  6751, 11, 11,   0,  -10, 12 },   // U+5E72 干
    { 0x5E73,  6767, 11, 11,   0,  -10, 12 },   // U+5E73 平
    { 0x5E74,  6783, 11, 11,   0,  -10, 12 },   // U+5E74 年
    { 0x5E76,  6799, 11, 11,   0,  -10, 12 },   // U+5E76 并
    { 0x5E78,  6815, 11, 11,   0,  -10, 12 },   // U+5E78 幸
    { 0x5E84,  6831, 11, 11,   0,  -10, 12 },   // U+5E84 庄
    { 0x5E93,  6847, 11, 11,   0,  -10, 12 },   // U+5E93 库
    { 0x5E94,  6863, 11, 11,   0,  -10, 12 },   // U+5E94 应
    { 0x5E95,  6879, 11, 11,   0,  -10, 12 },   // U+5E95 底
    { 0x5E97,  6895, 11, 11,   0,  -10, 12 },   // U+5E97 店
    { 0x5E9E,  6911, 11, 11,   0,  -10, 12 },   // U+5E9E 庞
    { 0x5E9F,  6927, 11, 11,   0,  -10, 12 },   // U+5E9F 废
    { 0x5EA6,  6943, 11, 11,   0,  -10, 12 },   // U+5EA6 度
    { 0x5EA7,  6959, 11, 11,   0,  -10, 12 },   // U+5EA7 座
    { 0x5ECA,  6975, 11, 11,   0,  -10, 12 },   // U+5ECA 廊
    { 0x5EF6,  6991, 11, 11,   0,  -10, 12 },   // U+5EF6 延
    { 0x5EFA,  7007, 11, 11,   0,  -10, 12 },   // U+5EFA 建
    { 0x5F00,  7023, 11, 11,   0,  -10, 12 },   // U+5F00 开
    { 0x5F02,  7039, 11, 11,   0,  -10, 12 },   // U+5F02 异
    { 0x5F03,  7055, 11, 11,   0,  -10, 12 },   // U+5F03 弃
    { 0x5F0F,  7071, 11, 11,   0,  -10, 12 },   // U+5F0F 式
    { 0x5F15,  7087, 10, 11,   0,  -10, 12 },   // U+5F15 引
    { 0x5F20,  7101, 11, 11,   0,  -10, 12 },   // U+5F20 张
    { 0x5F25,  7117, 11, 11,   0,  -10, 12 },   // U+5F25 弥
    { 0x5F31,  7133, 11, 11,   0,  -10, 12 },   // U+5F31 弱
    { 0x5F39,  7149, 11, 11,   0,  -10, 12 },   // U+5F39 弹
    { 0x5F3A,  7165, 11, 11,   0,  -10, 12 },   // U+5F3A 强
    { 0x5F52,  7181, 11, 11,   0,  -10, 12 },   // U+5F52 归
    { 0x5F53,  7197,  9, 11,   1,  -10, 12 },   // U+5F53 当
    { 0x5F62,  7210, 11, 11,   0,  -10, 12 },   // U+5F62 形
    { 0x5F6A,  7226, 11, 11,   0,  -10, 12 },   // U+5F6A 彪
    { 0x5F71,  7242, 11, 11,   0,  -10, 12 },   // U+5F71 影
    { 0x5F7B,  7258, 11, 11,   0,  -10, 12 },   // U+5F7B 彻
    { 0x5F80,  7274, 11, 11,   0,  -10, 12 },   // U+5F80 往
    { 0x5F85,  7290, 11, 11,   0,  -10, 12 },   // U+5F85 待
    { 0x5F88,  7306, 11, 11,   0,  -10, 12 },   // U+5F88 很
    { 0x5F8A,  7322, 11, 11,   0,  -10, 12 },   // U+5F8A 徊
    { 0x5F92,  7338, 11, 11,   0,  -10, 12 },   // U+5F92 徒
    { 0x5F97,  7354, 11, 11,   0,  -10, 12 },   // U+5F97 得
    { 0x5F98,  7370, 11, 11,   0,  -10, 12 },   // U+5F98 徘
    { 0x5FA1,  7386, 11, 11,   0,  -10, 12 },   // U+5FA1 御
    { 0x5FAE,  7402, 11, 11,   0,  -10, 12 },   // U+5FAE 微
    { 0x5FC3,  7418, 11, 11,   0,  -10, 12 },   // U+5FC3 心
    { 0x5FC5,  7434, 11, 11,   0,  -10, 12 },   // U+5FC5 必
    { 0x5FCD,  7450, 11, 11,   0,  -10, 12 },   // U+5FCD 忍
    { 0x5FD8,  7466, 11, 11,   0,  -10, 12 },   // U+5FD8 忘
    { 0x5FD9,  7482, 11, 11,   0,  -10, 12 },   // U+5FD9 忙
    { 0x5FE7,  7498, 11, 11,   0,  -10, 12 },   // U+5FE7 忧
    { 0x5FEB,  7514, 11, 11,   0,  -10, 12 },   // U+5FEB 快
    { 0x5FF5,  7530, 11, 11,   0,  -10, 12 },   // U+5FF5 念
    { 0x5FFD,  7546, 11, 11,   0,  -10, 12 },   // U+5FFD 忽
    { 0x6000,  7562, 11, 11,   0,  -10, 12 },   // U+6000 怀
    { 0x600E,  7578, 11, 11,   0,  -10, 12 },   // U+600E 怎
    { 0x6012,  7594, 11, 11,   0,  -10, 12 },   // U+6012 怒
    { 0x6015,  7610, 11, 11,   0,  -10, 12 },   // U+6015 怕
    { 0x601D,  7626, 11, 11,   0,  -10, 12 },   // U+601D 思
    { 0x602A,  7642, 11, 11,   0,  -10, 12 },   // U+602A 怪
    { 0x603B,  7658, 11, 11,   0,  -10, 12 },   // U+603B 总
    { 0x6062,  7674, 11, 11,   0,  -10, 12 },   // U+6062 恢
    { 0x606F,  7690, 11, 11,   0,  -10, 12 },   // U+606F 息
    { 0x6076,  7706, 11, 11,   0,  -10, 12 },   // U+6076 恶
    { 0x6089,  7722, 11, 11,   0,  -10, 12 },   // U+6089 悉
    { 0x60A3,  7738, 11, 11,   0,  -10, 12 },   // U+60A3 患
    { 0x60A8,  7754, 11, 11,   0,  -10, 12 },   // U+60A8 您
    { 0x60AC,  7770, 11, 11,   0,  -10, 12 },   // U+60AC 悬
    { 0x60B4,  7786, 11, 11,   0,  -10, 12 },   // U+60B4 悴
    { 0x60BC,  7802, 11, 11,   0,  -10, 12 },   // U+60BC 悼
    { 0x60C5,  7818, 11, 11,   0,  -10, 12 },   // U+60C5 情
    { 0x60CA,  7834, 11, 11,   0,  -10, 12 },   // U+60CA 惊
    { 0x60F3,  7850, 11, 11,   0,  -10, 12 },   // U+60F3 想
    { 0x610F,  7866, 11, 11,   0,  -10, 12 },   // U+610F 意
    { 0x611F,  7882, 11, 11,   0,  -10, 12 },   // U+611F 感
    { 0x613F,  7898, 11, 11,   0,  -10, 12 },   // U+613F 愿
    { 0x614C,  7914, 11, 11,   0,  -10, 12 },   // U+614C 慌
    { 0x6162,  7930, 11, 11,   0,  -10, 12 },   // U+6162 慢
    { 0x6167,  7946, 11, 11,   0,  -10, 12 },   // U+6167 慧
    { 0x6194,  7962, 11, 11,   0,  -10, 12 },   // U+6194 憔
    { 0x620F,  7978, 11, 11,   0,  -10, 12 },   // U+620F 戏
    { 0x6210,  7994, 11, 11,   0,  -10, 12 },   // U+6210 成
    { 0x6211,  8010, 11, 11,   0,  -10, 12 },   // U+6211 我
    { 0x6216,  8026, 11, 11,   0,  -10, 12 },   // U+6216 或
    { 0x6218,  8042, 11, 11,   0,  -10, 12 },   // U+6218 战
    { 0x622E,  8058, 11, 11,   0,  -10, 12 },   // U+622E 戮
    { 0x6233,  8074, 11, 11,   0,  -10, 12 },   // U+6233 戳
    { 0x6237,  8090, 11, 11,   0,  -10, 12 },   // U+6237 户
    { 0x623F,  8106, 11, 11,   0,  -10, 12 },   // U+623F 房
    { 0x6240,  8122, 11, 11,   0,  -10, 12 },   // U+6240 所
    { 0x6247,  8138, 11, 11,   0,  -10, 12 },   // U+6247 扇
    { 0x624B,  8154, 11, 11,   0,  -10, 12 },   // U+624B 手
    { 0x624E,  8170, 11, 11,   0,  -10, 12 },   // U+624E 扎
    { 0x6251,  8186, 11, 11,   0,  -10, 12 },   // U+6251 扑
    { 0x6253,  8202, 11, 11,   0,  -10, 12 },   // U+6253 打
    { 0x6254,  8218, 11, 11,   0,  -10, 12 },   // U+6254 扔
    { 0x625B,  8234, 11, 11,   0,  -10, 12 },   // U+625B 扛
    { 0x6263,  8250, 11, 11,   0,  -10, 12 },   // U+6263 扣
    { 0x6269,  8266, 11, 11,   0,  -10, 12 },   // U+6269 扩
    { 0x626B,  8282, 11, 11,   0,  -10, 12 },   // U+626B 扫
    { 0x626C,  8298, 11, 11,   0,  -10, 12 },   // U+626C 扬
    { 0x626D,  8314, 11, 11,   0,  -10, 12 },   // U+626D 扭
    { 0x6270,  8330, 11, 11,   0,  -10, 12 },   // U+6270 扰
    { 0x627E,  8346, 11, 11,   0,  -10, 12 },   // U+627E 找
    { 0x6280,  8362, 11, 11,   0,  -10, 12 },   // U+6280 技
    { 0x628A,  8378, 11, 11,   0,  -10, 12 },   // U+628A 把
    { 0x6293,  8394, 11, 11,   0,  -10, 12 },   // U+6293 抓
    { 0x6295,  8410, 11, 11,   0,  -10, 12 },   // U+6295 投
    { 0x6296,  8426, 11, 11,   0,  -10, 12 },   // U+6296 抖
    { 0x6298,  8442, 11, 11,   0,  -10, 12 },   // U+6298 折
    { 0x62A2,  8458, 11, 11,   0,  -10, 12 },   // U+62A2 抢
    { 0x62A4,  8474, 11, 11,   0,  -10, 12 },   // U+62A4 护
    { 0x62A5,  8490, 11, 11,   0,  -10, 12 },   // U+62A5 报
    { 0x62AB,  8506, 11, 11,   0,  -10, 12 },   // U+62AB 披
    { 0x62B5,  8522, 11, 11,   0,  -10, 12 },   // U+62B5 抵
    { 0x62BD,  8538, 11, 11,   0,  -10, 12 },   // U+62BD 抽
    { 0x62C5,  8554, 11, 11,   0,  -10, 12 },   // U+62C5 担
    { 0x62C9,  8570, 11, 11,   0,  -10, 12 },   // U+62C9 拉
    { 0x62D0,  8586, 11, 11,   0,  -10, 12 },   // U+62D0 拐
    { 0x62D4,  8602, 11, 11,   0,  -10, 12 },   // U+62D4 拔
    { 0x62D9,  8618, 11, 11,   0,  -10, 12 },   // U+62D9 拙
    { 0x62E5,  8634, 11, 11,   0,  -10, 12 },   // U+62E5 拥
    { 0x62E6,  8650, 11, 11,   0,  -10, 12 },   // U+62E6 拦
    { 0x62E9,  8666, 11, 11,   0,  -10, 12 },   // U+62E9 择
    { 0x62F3,  8682, 11, 11,   0,  -10, 12 },   // U+62F3 拳
    { 0x62FD,  8698, 11, 11,   0,  -10, 12 },   // U+62FD 拽
    { 0x62FE,  8714, 11, 11,   0,  -10, 12 },   // U+62FE 拾
    { 0x62FF,  8730, 11, 11,   0,  -10, 12 },   // U+62FF 拿
    { 0x6301,  8746, 11, 11,   0,  -10, 12 },   // U+6301 持
    { 0x6302,  8762, 11, 11,   0,  -10, 12 },   // U+6302 挂
    { 0x6307,  8778, 11, 11,   0,  -10, 12 },   // U+6307 指
    { 0x6321,  8794, 11, 11,   0,  -10, 12 },   // U+6321 挡
    { 0x6323,  8810, 11, 11,   0,  -10, 12 },   // U+6323 挣
    { 0x6324,  8826, 11, 11,   0,  -10, 12 },   // U+6324 挤
    { 0x6325,  8842, 11, 11,   0,  -10, 12 },   // U+6325 挥
    { 0x6328,  8858, 11, 11,   0,  -10, 12 },   // U+6328 挨
    { 0x633A,  8874, 11, 11,   0,  -10, 12 },   // U+633A 挺
    { 0x6346,  8890, 11, 11,   0,  -10, 12 },   // U+6346 捆
    { 0x6349,  8906, 11, 11,   0,  -10, 12 },   // U+6349 捉
    { 0x634D,  8922, 11, 11,   0,  -10, 12 },   // U+634D 捍
    { 0x6355,  8938, 11, 11,   0,  -10, 12 },   // U+6355 捕
    { 0x635F,  8954, 11, 11,   0,  -10, 12 },   // U+635F 损
    { 0x6361,  8970, 11, 11,   0,  -10, 12 },   // U+6361 捡
    { 0x636E,  8986, 11, 11,   0,  -10, 12 },   // U+636E 据
    { 0x6377,  9002, 11, 11,   0,  -10, 12 },   // U+6377 捷
    { 0x6380,  9018, 11, 11,   0,  -10, 12 },   // U+6380 掀
    { 0x6389,  9034, 11, 11,   0,  -10, 12 },   // U+6389 掉
    { 0x6392,  9050, 11, 11,   0,  -10, 12 },   // U+6392 排
    { 0x63A0,  9066, 11, 11,   0,  -10, 12 },   // U+63A0 掠
    { 0x63A2,  9082, 11, 11,   0,  -10, 12 },   // U+63A2 探
    { 0x63A5,  9098, 11, 11,   0,  -10, 12 },   // U+63A5 接
    { 0x63A7,  9114, 11, 11,   0,  -10, 12 },   // U+63A7 控
    { 0x63A8,  9130, 11, 11,   0,  -10, 12 },   // U+63A8 推
    { 0x63A9,  9146, 11, 11,   0,  -10, 12 },   // U+63A9 掩
    { 0x63B7,  9162, 11, 11,   0,  -10, 12 },   // U+63B7 掷
    { 0x63D0,  9178, 11, 11,   0,  -10, 12 },   // U+63D0 提
    { 0x63D2,  9194, 11, 11,   0,  -10, 12 },   // U+63D2 插
    { 0x640F,  9210, 11, 11,   0,  -10, 12 },   // U+640F 搏
    { 0x641C,  9226, 11, 11,   0,  -10, 12 },   // U+641C 搜
    { 0x641E,  9242, 11, 11,   0,  -10, 12 },   // U+641E 搞
    { 0x643A,  9258, 11, 11,   0,  -10, 12 },   // U+643A 携
    { 0x6447,  9274, 11, 11,   0,  -10, 12 },   // U+6447 摇
    { 0x6458,  9290, 11, 11,   0,  -10, 12 },   // U+6458 摘
    { 0x6467,  9306, 11, 11,   0,  -10, 12 },   // U+6467 摧
    { 0x649E,  9322, 11, 11,   0,  -10, 12 },   // U+649E 撞
    { 0x64A4,  9338, 11, 11,   0,  -10, 12 },   // U+64A4 撤
    { 0x64AD,  9354, 11, 11,   0,  -10, 12 },   // U+64AD 播
    { 0x64B5,  9370, 11, 11,   0,  -10, 12 },   // U+64B5 撵
    { 0x64C5,  9386, 11, 11,   0,  -10, 12 },   // U+64C5 擅
    { 0x64CD,  9402, 11, 11,   0,  -10, 12 },   // U+64CD 操
    { 0x64CE,  9418, 11, 11,   0,  -10, 12 },   // U+64CE 擎
    { 0x652F,  9434, 11, 11,   0,  -10, 12 },   // U+652F 支
    { 0x6536,  9450, 11, 11,   0,  -10, 12 },   // U+6536 收
    { 0x653B,  9466, 11, 11,   0,  -10, 12 },   // U+653B 攻
    { 0x653E,  9482, 11, 11,   0,  -10, 12 },   // U+653E 放
    { 0x6548,  9498, 11, 11,   0,  -10, 12 },   // U+6548 效
    { 0x654C,  9514, 11, 11,   0,  -10, 12 },   // U+654C 敌
    { 0x6551,  9530, 11, 11,   0,  -10, 12 },   // U+6551 救
    { 0x6559,  9546, 11, 11,   0,  -10, 12 },   // U+6559 教
    { 0x655E,  9562, 11, 11,   0,  -10, 12 },   // U+655E 敞
    { 0x6563,  9578, 11, 11,   0,  -10, 12 },   // U+6563 散
    { 0x6570,  9594, 11, 11,   0,  -10, 12 },   // U+6570 数
    { 0x6574,  9610, 11, 11,   0,  -10, 12 },   // U+6574 整
    { 0x6587,  9626, 11, 11,   0,  -10, 12 },   // U+6587 文
    { 0x6591,  9642, 11, 11,   0,  -10, 12 },   // U+6591 斑
    { 0x6597,  9658, 11, 11,   0,  -10, 12 },   // U+6597 斗
    { 0x6599,  9674, 11, 11,   0,  -10, 12 },   // U+6599 料
    { 0x659C,  9690, 11, 11,   0,  -10, 12 },   // U+659C 斜
    { 0x65A5,  9706, 11, 11,   0,  -10, 12 },   // U+65A5 斥
    { 0x65A9,  9722, 11, 11,   0,  -10, 12 },   // U+65A9 斩
    { 0x65AD,  9738, 11, 11,   0,  -10, 12 },   // U+65AD 断
    { 0x65B0,  9754, 11, 11,   0,  -10, 12 },   // U+65B0 新
    { 0x65B9,  9770, 11, 11,   0,  -10, 12 },   // U+65B9 方
    { 0x65BD,  9786, 11, 11,   0,  -10, 12 },   // U+65BD 施
    { 0x65C1,  9802, 11, 11,   0,  -10, 12 },   // U+65C1 旁
    { 0x65C5,  9818, 11, 11,   0,  -10, 12 },   // U+65C5 旅
    { 0x65CB,  9834, 11, 11,   0,  -10, 12 },   // U+65CB 旋
    { 0x65E0,  9850, 11, 11,   0,  -10, 12 },   // U+65E0 无
    { 0x65E5,  9866,  9, 11,   1,  -10, 12 },   // U+65E5 日
    { 0x65E7,  9879, 10, 11,   1,  -10, 12 },   // U+65E7 旧
    { 0x65E9,  9893, 11, 11,   0,  -10, 12 },   // U+65E9 早
    { 0x65F6,  9909, 11, 11,   0,  -10, 12 },   // U+65F6 时
    { 0x660E,  9925, 11, 11,   0,  -10, 12 },   // U+660E 明
    { 0x6613,  9941, 11, 11,   0,  -10, 12 },   // U+6613 易
    { 0x661F,  9957, 11, 11,   0,  -10, 12 },   // U+661F 星
    { 0x6620,  9973, 11, 11,   0,  -10, 12 },   // U+6620 映
    { 0x662F,  9989, 11, 11,   0,  -10, 12 },   // U+662F 是
    { 0x663E, 10005, 11, 11,   0,  -10, 12 },   // U+663E 显
    { 0x6643, 10021, 11, 11,   0,  -10, 12 },   // U+6643 晃
    { 0x665A, 10037, 11, 11,   0,  -10, 12 },   // U+665A 晚
    { 0x6670, 10053, 11, 11,   0,  -10, 12 },   // U+6670 晰
    { 0x6676, 10069, 11, 11,   0,  -10, 12 },   // U+6676 晶
    { 0x667A, 10085, 11, 11,   0,  -10, 12 },   // U+667A 智
    { 0x6682, 10101, 11, 11,   0,  -10, 12 },   // U+6682 暂
    { 0x6696, 10117, 11, 11,   0,  -10, 12 },   // U+6696 暖
    { 0x6697, 10133, 11, 11,   0,  -10, 12 },   // U+6697 暗
    { 0x66B4, 10149, 11, 11,   0,  -10, 12 },   // U+66B4 暴
    { 0x66F2, 10165, 11, 11,   0,  -10, 12 },   // U+66F2 曲
    { 0x66F3, 10181, 11, 11,   0,  -10, 12 },   // U+66F3 曳
    { 0x66F4, 10197, 11, 11,   0,  -10, 12 },   // U+66F4 更
    { 0x66FE, 10213,  9, 11,   1,  -10, 12 },   // U+66FE 曾
    { 0x66FF, 10226, 11, 11,   0,  -10, 12 },   // U+66FF 替
    { 0x6700, 10242, 11, 11,   0,  -10, 12 },   // U+6700 最
    { 0x6709, 10258, 11, 11,   0,  -10, 12 },   // U+6709 有
    { 0x670D, 10274, 11, 11,   0,  -10, 12 },   // U+670D 服
    { 0x671B, 10290, 11, 11,   0,  -10, 12 },   // U+671B 望
    { 0x6728, 10306, 11, 11,   0,  -10, 12 },   // U+6728 木
    { 0x672A, 10322, 11, 11,   0,  -10, 12 },   // U+672A 未
    { 0x672C, 10338, 11, 11,   0,  -10, 12 },   // U+672C 本
    { 0x672F, 10354, 11, 11,   0,  -10, 12 },   // U+672F 术
    { 0x6734, 10370, 11, 11,   0,  -10, 12 },   // U+6734 朴
    { 0x673A, 10386, 11, 11,   0,  -10, 12 },   // U+673A 机
    { 0x6740, 10402, 11, 11,   0,  -10, 12 },   // U+6740 杀
    { 0x6742, 10418, 11, 11,   0,  -10, 12 },   // U+6742 杂
    { 0x6751, 10434, 11, 11,   0,  -10, 12 },   // U+6751 村
    { 0x675F, 10450, 11, 11,   0,  -10, 12 },   // U+675F 束
    { 0x6761, 10466, 11, 11,   0,  -10, 12 },   // U+6761 条
    { 0x6765, 10482, 11, 11,   0,  -10, 12 },   // U+6765 来
    { 0x677F, 10498, 11, 11,   0,  -10, 12 },   // U+677F 板
    { 0x6797, 10514, 11, 11,   0,  -10, 12 },   // U+6797 林
    { 0x679C, 10530, 11, 11,   0,  -10, 12 },   // U+679C 果
    { 0x679D, 10546, 11, 11,   0,  -10, 12 },   // U+679D 枝
    { 0x67AA, 10562, 11, 11,   0,  -10, 12 },   // U+67AA 枪
    { 0x67AF, 10578, 11, 11,   0,  -10, 12 },   // U+67AF 枯
    { 0x67B6, 10594, 11, 11,   0,  -10, 12 },   // U+67B6 架
    { 0x67C4, 10610, 11, 11,   0,  -10, 12 },   // U+67C4 柄
    { 0x67D0, 10626, 11, 11,   0,  -10, 12 },   // U+67D0 某
    { 0x67D3, 10642, 11, 11,   0,  -10, 12 },   // U+67D3 染
    { 0x67DC, 10658, 11, 11,   0,  -10, 12 },   // U+67DC 柜
    { 0x67E5, 10674, 11, 11,   0,  -10, 12 },   // U+67E5 查
    { 0x67F4, 10690, 11, 11,   0,  -10, 12 },   // U+67F4 柴
    { 0x6807, 10706, 11, 11,   0,  -10, 12 },   // U+6807 标
    { 0x680B, 10722, 11, 11,   0,  -10, 12 },   // U+680B 栋
    { 0x6811, 10738, 11, 11,   0,  -10, 12 },   // U+6811 树
    { 0x6816, 10754, 11, 11,   0,  -10, 12 },   // U+6816 栖
    { 0x6821, 10770, 11, 11,   0,  -10, 12 },   // U+6821 校
    { 0x6837, 10786, 11, 11,   0,  -10, 12 },   // U+6837 样
    { 0x6839, 10802, 11, 11,   0,  -10, 12 },   // U+6839 根
    { 0x683C, 10818, 11, 11,   0,  -10, 12 },   // U+683C 格
    { 0x6863, 10834, 11, 11,   0,  -10, 12 },   // U+6863 档
    { 0x6876, 10850, 11, 11,   0,  -10, 12 },   // U+6876 桶
    { 0x68AF, 10866, 11, 11,   0,  -10, 12 },   // U+68AF 梯
    { 0x68B0, 10882, 11, 11,   0,  -10, 12 },   // U+68B0 械
    { 0x68C0, 10898, 11, 11,   0,  -10, 12 },   // U+68C0 检
    { 0x68DA, 10914, 11, 11,   0,  -10, 12 },   // U+68DA 棚
    { 0x68EE, 10930, 11, 11,   0,  -10, 12 },   // U+68EE 森
    { 0x6905, 10946, 11, 11,   0,  -10, 12 },   // U+6905 椅
    { 0x697C, 10962, 11, 11,   0,  -10, 12 },   // U+697C 楼
    { 0x69DB, 10978, 11, 11,   0,  -10, 12 },   // U+69DB 槛
    { 0x69FD, 10994, 11, 11,   0,  -10, 12 },   // U+69FD 槽
    { 0x6A21, 11010, 11, 11,   0,  -10, 12 },   // U+6A21 模
    { 0x6A2A, 11026, 11, 11,   0,  -10, 12 },   // U+6A2A 横
    { 0x6A59, 11042, 11, 11,   0,  -10, 12 },   // U+6A59 橙
    { 0x6B21, 11058, 11, 11,   0,  -10, 12 },   // U+6B21 次
    { 0x6B22, 11074, 11, 11,   0,  -10, 12 },   // U+6B22 欢
    { 0x6B32, 11090, 11, 11,   0,  -10, 12 },   // U+6B32 欲
    { 0x6B62, 11106, 11, 11,   0,  -10, 12 },   // U+6B62 止
    { 0x6B63, 11122, 11, 11,   0,  -10, 12 },   // U+6B63 正
    { 0x6B64, 11138, 11, 11,   0,  -10, 12 },   // U+6B64 此
    { 0x6B65, 11154, 11, 11,   0,  -10, 12 },   // U+6B65 步
    { 0x6B66, 11170, 11, 11,   0,  -10, 12 },   // U+6B66 武
    { 0x6B6A, 11186, 11, 11,   0,  -10, 12 },   // U+6B6A 歪
    { 0x6B7B, 11202, 11, 11,   0,  -10, 12 },   // U+6B7B 死
    { 0x6B86, 11218, 11, 11,   0,  -10, 12 },   // U+6B86 殆
    { 0x6B8B, 11234, 11, 11,   0,  -10, 12 },   // U+6B8B 残
    { 0x6BB5, 11250, 11, 11,   0,  -10, 12 },   // U+6BB5 段
    { 0x6BC1, 11266, 11, 11,   0,  -10, 12 },   // U+6BC1 毁
    { 0x6BCD, 11282, 11, 11,   0,  -10, 12 },   // U+6BCD 母
    { 0x6BD4, 11298, 11, 11,   0,  -10, 12 },   // U+6BD4 比
    { 0x6BDB, 11314, 11, 11,   0,  -10, 12 },   // U+6BDB 毛
    { 0x6BEB, 11330, 11, 11,   0,  -10, 12 },   // U+6BEB 毫
    { 0x6C11, 11346, 11, 11,   0,  -10, 12 },   // U+6C11 民
    { 0x6C14, 11362, 11, 11,   0,  -10, 12 },   // U+6C14 气
    { 0x6C34, 11378, 11, 11,   0,  -10, 12 },   // U+6C34 水
    { 0x6C42, 11394, 11, 11,   0,  -10, 12 },   // U+6C42 求
    { 0x6C49, 11410, 11, 11,   0,  -10, 12 },   // U+6C49 汉
    { 0x6C61, 11426, 11, 11,   0,  -10, 12 },   // U+6C61 污
    { 0x6C7D, 11442, 11, 11,   0,  -10, 12 },   // U+6C7D 汽
    { 0x6C89, 11458, 11, 11,   0,  -10, 12 },   // U+6C89 沉
    { 0x6C99, 11474, 11, 11,   0,  -10, 12 },   // U+6C99 沙
    { 0x6C9F, 11490, 11, 11,   0,  -10, 12 },   // U+6C9F 沟
    { 0x6CA1, 11506, 11, 11,   0,  -10, 12 },   // U+6CA1 没
    { 0x6CBB, 11522, 11, 11,   0,  -10, 12 },   // U+6CBB 治
    { 0x6CBC, 11538, 11, 11,   0,  -10, 12 },   // U+6CBC 沼
    { 0x6CD5, 11554, 11, 11,   0,  -10, 12 },   // U+6CD5 法
    { 0x6CE5, 11570, 11, 11,   0,  -10, 12 },   // U+6CE5 泥
    { 0x6CE8, 11586, 11, 11,   0,  -10, 12 },   // U+6CE8 注
    { 0x6CFD, 11602, 11, 11,   0,  -10, 12 },   // U+6CFD 泽
    { 0x6D17, 11618, 11, 11,   0,  -10, 12 },   // U+6D17 洗
    { 0x6D1E, 11634, 11, 11,   0,  -10, 12 },   // U+6D1E 洞
    { 0x6D3B, 11650, 11, 11,   0,  -10, 12 },   // U+6D3B 活
    { 0x6D41, 11666, 11, 11,   0,  -10, 12 },   // U+6D41 流
    { 0x6D4B, 11682, 11, 11,   0,  -10, 12 },   // U+6D4B 测
    { 0x6D6A, 11698, 11, 11,   0,  -10, 12 },   // U+6D6A 浪
    { 0x6D77, 11714, 11, 11,   0,  -10, 12 },   // U+6D77 海
    { 0x6D82, 11730, 11, 11,   0,  -10, 12 },   // U+6D82 涂
    { 0x6D88, 11746, 11, 11,   0,  -10, 12 },   // U+6D88 消
    { 0x6D8C, 11762, 11, 11,   0,  -10, 12 },   // U+6D8C 涌
    { 0x6D95, 11778, 11, 11,   0,  -10, 12 },   // U+6D95 涕
    { 0x6DCB, 11794, 11, 11,   0,  -10, 12 },   // U+6DCB 淋
    { 0x6DE4, 11810, 11, 11,   0,  -10, 12 },   // U+6DE4 淤
    { 0x6DF1, 11826, 11, 11,   0,  -10, 12 },   // U+6DF1 深
    { 0x6DFB, 11842, 11, 11,   0,  -10, 12 },   // U+6DFB 添
    { 0x6E05, 11858, 11, 11,   0,  -10, 12 },   // U+6E05 清
    { 0x6E0D, 11874, 11, 11,   0,  -10, 12 },   // U+6E0D 渍
    { 0x6E10, 11890, 11, 11,   0,  -10, 12 },   // U+6E10 渐
    { 0x6E29, 11906, 11, 11,   0,  -10, 12 },   // U+6E29 温
    { 0x6E34, 11922, 11, 11,   0,  -10, 12 },   // U+6E34 渴
    { 0x6E38, 11938, 11, 11,   0,  -10, 12 },   // U+6E38 游
    { 0x6E7F, 11954, 11, 11,   0,  -10, 12 },   // U+6E7F 湿
    { 0x6E83, 11970, 11, 11,   0,  -10, 12 },   // U+6E83 溃
    { 0x6E85, 11986, 11, 11,   0,  -10, 12 },   // U+6E85 溅
    { 0x6E90, 12002, 11, 11,   0,  -10, 12 },   // U+6E90 源
    { 0x6ED1, 12018, 11, 11,   0,  -10, 12 },   // U+6ED1 滑
    { 0x6EDE, 12034, 11, 11,   0,  -10, 12 },   // U+6EDE 滞
    { 0x6EE1, 12050, 11, 11,   0,  -10, 12 },   // U+6EE1 满
    { 0x6F02, 12066, 11, 11,   0,  -10, 12 },   // U+6F02 漂
    { 0x6F06, 12082, 11, 11,   0,  -10, 12 },   // U+6F06 漆
    { 0x6F13, 12098, 11, 11,   0,  -10, 12 },   // U+6F13 漓
    { 0x6F20, 12114, 11, 11,   0,  -10, 12 },   // U+6F20 漠
    { 0x6F2B, 12130, 11, 11,   0,  -10, 12 },   // U+6F2B 漫
    { 0x6F5C, 12146, 11, 11,   0,  -10, 12 },   // U+6F5C 潜
    { 0x6F6E, 12162, 11, 11,   0,  -10, 12 },   // U+6F6E 潮
    { 0x6FC0, 12178, 11, 11,   0,  -10, 12 },   // U+6FC0 激
    { 0x704C, 12194, 11, 11,   0,  -10, 12 },   // U+704C 灌
    { 0x706B, 12210, 11, 11,   0,  -10, 12 },   // U+706B 火
    { 0x706D, 12226, 11, 11,   0,  -10, 12 },   // U+706D 灭
    { 0x706F, 12242, 11, 11,   0,  -10, 12 },   // U+706F 灯
    { 0x7070, 12258, 11, 11,   0,  -10, 12 },   // U+7070 灰
    { 0x707E, 12274, 11, 11,   0,  -10, 12 },   // U+707E 灾
    { 0x70AC, 12290, 11, 11,   0,  -10, 12 },   // U+70AC 炬
    { 0x70AD, 12306, 11, 11,   0,  -10, 12 },   // U+70AD 炭
    { 0x70AE, 12322, 11, 11,   0,  -10, 12 },   // U+70AE 炮
    { 0x70B8, 12338, 11, 11,   0,  -10, 12 },   // U+70B8 炸
    { 0x70B9, 12354, 11, 11,   0,  -10, 12 },   // U+70B9 点
    { 0x70BC, 12370, 11, 11,   0,  -10, 12 },   // U+70BC 炼
    { 0x70C1, 12386, 11, 11,   0,  -10, 12 },   // U+70C1 烁
    { 0x70C2, 12402, 11, 11,   0,  -10, 12 },   // U+70C2 烂
    { 0x70DF, 12418, 11, 11,   0,  -10, 12 },   // U+70DF 烟
    { 0x70E7, 12434, 11, 11,   0,  -10, 12 },   // U+70E7 烧
    { 0x70EC, 12450, 11, 11,   0,  -10, 12 },   // U+70EC 烬
    { 0x70ED, 12466, 11, 11,   0,  -10, 12 },   // U+70ED 热
    { 0x710A, 12482, 11, 11,   0,  -10, 12 },   // U+710A 焊
    { 0x7126, 12498, 11, 11,   0,  -10, 12 },   // U+7126 焦
    { 0x7130, 12514, 11, 11,   0,  -10, 12 },   // U+7130 焰
    { 0x7136, 12530, 11, 11,   0,  -10, 12 },   // U+7136 然
    { 0x7164, 12546, 11, 11,   0,  -10, 12 },   // U+7164 煤
    { 0x7166, 12562, 11, 11,   0,  -10, 12 },   // U+7166 煦
    { 0x7184, 12578, 11, 11,   0,  -10, 12 },   // U+7184 熄
    { 0x718A, 12594, 11, 11,   0,  -10, 12 },   // U+718A 熊
    { 0x718F, 12610, 11, 11,   0,  -10, 12 },   // U+718F 熏
    { 0x719F, 12626, 11, 11,   0,  -10, 12 },   // U+719F 熟
    { 0x71C3, 12642, 11, 11,   0,  -10, 12 },   // U+71C3 燃
    { 0x71E5, 12658, 11, 11,   0,  -10, 12 },   // U+71E5 燥
    { 0x7206, 12674, 11, 11,   0,  -10, 12 },   // U+7206 爆
    { 0x722A, 12690, 11, 11,   0,  -10, 12 },   // U+722A 爪
    { 0x722C, 12706, 11, 11,   0,  -10, 12 },   // U+722C 爬
    { 0x7247, 12722, 11, 11,   0,  -10, 12 },   // U+7247 片
    { 0x7259, 12738, 11, 11,   0,  -10, 12 },   // U+7259 牙
    { 0x7267, 12754, 11, 11,   0,  -10, 12 },   // U+7267 牧
    { 0x7269, 12770, 11, 11,   0,  -10, 12 },   // U+7269 物
    { 0x7272, 12786, 11, 11,   0,  -10, 12 },   // U+7272 牲
    { 0x7275, 12802, 11, 11,   0,  -10, 12 },   // U+7275 牵
    { 0x7279, 12818, 11, 11,   0,  -10, 12 },   // U+7279 特
    { 0x727A, 12834, 11, 11,   0,  -10, 12 },   // U+727A 牺
    { 0x72B6, 12850, 11, 11,   0,  -10, 12 },   // U+72B6 状
    { 0x72C2, 12866, 11, 11,   0,  -10, 12 },   // U+72C2 狂
    { 0x72D9, 12882, 11, 11,   0,  -10, 12 },   // U+72D9 狙
    { 0x72E9, 12898, 11, 11,   0,  -10, 12 },   // U+72E9 狩
    { 0x72EC, 12914, 11, 11,   0,  -10, 12 },   // U+72EC 独
    { 0x72ED, 12930, 11, 11,   0,  -10, 12 },   // U+72ED 狭
    { 0x730E, 12946, 11, 11,   0,  -10, 12 },   // U+730E 猎
    { 0x7387, 12962, 11, 11,   0,  -10, 12 },   // U+7387 率
    { 0x73A9, 12978, 11, 11,   0,  -10, 12 },   // U+73A9 玩
    { 0x73AF, 12994, 11, 11,   0,  -10, 12 },   // U+73AF 环
    { 0x73B0, 13010, 11, 11,   0,  -10, 12 },   // U+73B0 现
    { 0x73BB, 13026, 11, 11,   0,  -10, 12 },   // U+73BB 玻
    { 0x7403, 13042, 11, 11,   0,  -10, 12 },   // U+7403 球
    { 0x7406, 13058, 11, 11,   0,  -10, 12 },   // U+7406 理
    { 0x745F, 13074, 11, 11,   0,  -10, 12 },   // U+745F 瑟
    { 0x7483, 13090, 11, 11,   0,  -10, 12 },   // U+7483 璃
    { 0x74E6, 13106, 11, 11,   0,  -10, 12 },   // U+74E6 瓦
    { 0x751F, 13122, 11, 11,   0,  -10, 12 },   // U+751F 生
    { 0x7528, 13138, 10, 11,   0,  -10, 12 },   // U+7528 用
    { 0x7532, 13152, 11, 11,   0,  -10, 12 },   // U+7532 甲
    { 0x7535, 13168, 11, 11,   0,  -10, 12 },   // U+7535 电
    { 0x7537, 13184, 11, 11,   0,  -10, 12 },   // U+7537 男
    { 0x754C, 13200, 11, 11,   0,  -10, 12 },   // U+754C 界
    { 0x754F, 13216, 11, 11,   0,  -10, 12 },   // U+754F 畏
    { 0x7559, 13232, 11, 11,   0,  -10, 12 },   // U+7559 留
    { 0x7565, 13248, 11, 11,   0,  -10, 12 },   // U+7565 略
    { 0x7578, 13264, 11, 11,   0,  -10, 12 },   // U+7578 畸
    { 0x758F, 13280, 11, 11,   0,  -10, 12 },   // U+758F 疏
    { 0x7591, 13296, 11, 11,   0,  -10, 12 },   // U+7591 疑
    { 0x7597, 13312, 11, 11,   0,  -10, 12 },   // U+7597 疗
    { 0x75AB, 13328, 11, 11,   0,  -10, 12 },   // U+75AB 疫
    { 0x75AF, 13344, 11, 11,   0,  -10, 12 },   // U+75AF 疯
    { 0x75BE, 13360, 11, 11,   0,  -10, 12 },   // U+75BE 疾
    { 0x75C5, 13376, 11, 11,   0,  -10, 12 },   // U+75C5 病
    { 0x75D5, 13392, 11, 11,   0,  -10, 12 },   // U+75D5 痕
    { 0x75DB, 13408, 11, 11,   0,  -10, 12 },   // U+75DB 痛
    { 0x761F, 13424, 11, 11,   0,  -10, 12 },   // U+761F 瘟
    { 0x7624, 13440, 11, 11,   0,  -10, 12 },   // U+7624 瘤
    { 0x7626, 13456, 11, 11,   0,  -10, 12 },   // U+7626 瘦
    { 0x762B, 13472, 11, 11,   0,  -10, 12 },   // U+762B 瘫
    { 0x7638, 13488, 11, 11,   0,  -10, 12 },   // U+7638 瘸
    { 0x767B, 13504, 11, 11,   0,  -10, 12 },   // U+767B 登
    { 0x767D, 13520,  9, 11,   1,  -10, 12 },   // U+767D 白
    { 0x767E, 13533, 11, 11,   0,  -10, 12 },   // U+767E 百
    { 0x7684, 13549, 11, 11,   0,  -10, 12 },   // U+7684 的
    { 0x76AE, 13565, 11, 11,   0,  -10, 12 },   // U+76AE 皮
    { 0x76CA, 13581, 11, 11,   0,  -10, 12 },   // U+76CA 益
    { 0x76D2, 13597, 11, 11,   0,  -10, 12 },   // U+76D2 盒
    { 0x76D6, 13613, 11, 11,   0,  -10, 12 },   // U+76D6 盖
    { 0x76D7, 13629, 11, 11,   0,  -10, 12 },   // U+76D7 盗
    { 0x76D8, 13645, 11, 11,   0,  -10, 12 },   // U+76D8 盘
    { 0x76EE, 13661,  9, 11,   1,  -10, 12 },   // U+76EE 目
    { 0x76F4, 13674, 11, 11,   0,  -10, 12 },   // U+76F4 直
    { 0x76FE, 13690, 11, 11,   0,  -10, 12 },   // U+76FE 盾
    { 0x770B, 13706, 11, 11,   0,  -10, 12 },   // U+770B 看
    { 0x771F, 13722, 11, 11,   0,  -10, 12 },   // U+771F 真
    { 0x7737, 13738, 11, 11,   0,  -10, 12 },   // U+7737 眷
    { 0x773C, 13754, 11, 11,   0,  -10, 12 },   // U+773C 眼
    { 0x7740, 13770, 11, 11,   0,  -10, 12 },   // U+7740 着
    { 0x7761, 13786, 11, 11,   0,  -10, 12 },   // U+7761 睡
    { 0x77A7, 13802, 11, 11,   0,  -10, 12 },   // U+77A7 瞧
    { 0x77D7, 13818, 11, 11,   0,  -10, 12 },   // U+77D7 矗
    { 0x77E5, 13834, 11, 11,   0,  -10, 12 },   // U+77E5 知
    { 0x77ED, 13850, 11, 11,   0,  -10, 12 },   // U+77ED 短
    { 0x77EE, 13866, 11, 11,   0,  -10, 12 },   // U+77EE 矮
    { 0x77F3, 13882, 11, 11,   0,  -10, 12 },   // U+77F3 石
    { 0x77FF, 13898, 11, 11,   0,  -10, 12 },   // U+77FF 矿
    { 0x7801, 13914, 11, 11,   0,  -10, 12 },   // U+7801 码
    { 0x780D, 13930, 11, 11,   0,  -10, 12 },   // U+780D 砍
    { 0x7814, 13946, 11, 11,   0,  -10, 12 },   // U+7814 研
    { 0x7834, 13962, 11, 11,   0,  -10, 12 },   // U+7834 破
    { 0x783E, 13978, 11, 11,   0,  -10, 12 },   // U+783E 砾
    { 0x786B, 13994, 11, 11,   0,  -10, 12 },   // U+786B 硫
    { 0x786C, 14010, 11, 11,   0,  -10, 12 },   // U+786C 硬
    { 0x786E, 14026, 11, 11,   0,  -10, 12 },   // U+786E 确
    { 0x788C, 14042, 11, 11,   0,  -10, 12 },   // U+788C 碌
    { 0x788E, 14058, 11, 11,   0,  -10, 12 },   // U+788E 碎
    { 0x7891, 14074, 11, 11,   0,  -10, 12 },   // U+7891 碑
    { 0x78B0, 14090, 11, 11,   0,  -10, 12 },   // U+78B0 碰
    { 0x78E8, 14106, 11, 11,   0,  -10, 12 },   // U+78E8 磨
    { 0x78FA, 14122, 11, 11,   0,  -10, 12 },   // U+78FA 磺
    { 0x793C, 14138, 11, 11,   0,  -10, 12 },   // U+793C 礼
    { 0x7948, 14154, 11, 11,   0,  -10, 12 },   // U+7948 祈
    { 0x795E, 14170, 11, 11,   0,  -10, 12 },   // U+795E 神
    { 0x79BB, 14186, 11, 11,   0,  -10, 12 },   // U+79BB 离
    { 0x79CD, 14202, 11, 11,   0,  -10, 12 },   // U+79CD 种
    { 0x79D1, 14218, 11, 11,   0,  -10, 12 },   // U+79D1 科
    { 0x79D2, 14234, 11, 11,   0,  -10, 12 },   // U+79D2 秒
    { 0x79D8, 14250, 11, 11,   0,  -10, 12 },   // U+79D8 秘
    { 0x79EF, 14266, 11, 11,   0,  -10, 12 },   // U+79EF 积
    { 0x79F0, 14282, 11, 11,   0,  -10, 12 },   // U+79F0 称
    { 0x79FB, 14298, 11, 11,   0,  -10, 12 },   // U+79FB 移
    { 0x7A00, 14314, 11, 11,   0,  -10, 12 },   // U+7A00 稀
    { 0x7A0B, 14330, 11, 11,   0,  -10, 12 },   // U+7A0B 程
    { 0x7A33, 14346, 11, 11,   0,  -10, 12 },   // U+7A33 稳
    { 0x7A74, 14362, 11, 11,   0,  -10, 12 },   // U+7A74 穴
    { 0x7A76, 14378, 11, 11,   0,  -10, 12 },   // U+7A76 究
    { 0x7A79, 14394, 11, 11,   0,  -10, 12 },   // U+7A79 穹
    { 0x7A7A, 14410, 11, 11,   0,  -10, 12 },   // U+7A7A 空
    { 0x7A7F, 14426, 11, 11,   0,  -10, 12 },   // U+7A7F 穿
    { 0x7A81, 14442, 11, 11,   0,  -10, 12 },   // U+7A81 突
    { 0x7A83, 14458, 11, 11,   0,  -10, 12 },   // U+7A83 窃
    { 0x7A84, 14474, 11, 11,   0,  -10, 12 },   // U+7A84 窄
    { 0x7A97, 14490, 11, 11,   0,  -10, 12 },   // U+7A97 窗
    { 0x7ACB, 14506, 11, 11,   0,  -10, 12 },   // U+7ACB 立
    { 0x7AD6, 14522, 11, 11,   0,  -10, 12 },   // U+7AD6 竖
    { 0x7AD9, 14538, 11, 11,   0,  -10, 12 },   // U+7AD9 站
    { 0x7B11, 14554, 11, 11,   0,  -10, 12 },   // U+7B11 笑
    { 0x7B26, 14570, 11, 11,   0,  -10, 12 },   // U+7B26 符
    { 0x7B28, 14586, 11, 11,   0,  -10, 12 },   // U+7B28 笨
    { 0x7B49, 14602, 11, 11,   0,  -10, 12 },   // U+7B49 等
    { 0x7B51, 14618, 11, 11,   0,  -10, 12 },   // U+7B51 筑
    { 0x7B80, 14634, 11, 11,   0,  -10, 12 },   // U+7B80 简
    { 0x7B97, 14650, 11, 11,   0,  -10, 12 },   // U+7B97 算
    { 0x7BA1, 14666, 11, 11,   0,  -10, 12 },   // U+7BA1 管
    { 0x7BEE, 14682, 11, 11,   0,  -10, 12 },   // U+7BEE 篮
    { 0x7BF7, 14698, 11, 11,   0,  -10, 12 },   // U+7BF7 篷
    { 0x7C07, 14714, 11, 11,   0,  -10, 12 },   // U+7C07 簇
    { 0x7C89, 14730, 11, 11,   0,  -10, 12 },   // U+7C89 粉
    { 0x7C97, 14746, 11, 11,   0,  -10, 12 },   // U+7C97 粗
    { 0x7CBE, 14762, 11, 11,   0,  -10, 12 },   // U+7CBE 精
    { 0x7CCA, 14778, 11, 11,   0,  -10, 12 },   // U+7CCA 糊
    { 0x7CD9, 14794, 11, 11,   0,  -10, 12 },   // U+7CD9 糙
    { 0x7CFB, 14810, 11, 11,   0,  -10, 12 },   // U+7CFB 系
    { 0x7D22, 14826, 11, 11,   0,  -10, 12 },   // U+7D22 索
    { 0x7D27, 14842, 11, 11,   0,  -10, 12 },   // U+7D27 紧
    { 0x7D2F, 14858, 11, 11,   0,  -10, 12 },   // U+7D2F 累
    { 0x7E41, 14874, 11, 11,   0,  -10, 12 },   // U+7E41 繁
    { 0x7EA6, 14890, 11, 11,   0,  -10, 12 },   // U+7EA6 约
    { 0x7EA7, 14906, 11, 11,   0,  -10, 12 },   // U+7EA7 级
    { 0x7EAA, 14922, 11, 11,   0,  -10, 12 },   // U+7EAA 纪
    { 0x7EBF, 14938, 11, 11,   0,  -10, 12 },   // U+7EBF 线
    { 0x7EC3, 14954, 11, 11,   0,  -10, 12 },   // U+7EC3 练
    { 0x7EC6, 14970, 11, 11,   0,  -10, 12 },   // U+7EC6 细
    { 0x7EC7, 14986, 11, 11,   0,  -10, 12 },   // U+7EC7 织
    { 0x7EC8, 15002, 11, 11,   0,  -10, 12 },   // U+7EC8 终
    { 0x7ECA, 15018, 11, 11,   0,  -10, 12 },   // U+7ECA 绊
    { 0x7ECF, 15034, 11, 11,   0,  -10, 12 },   // U+7ECF 经
    { 0x7ED3, 15050, 11, 11,   0,  -10, 12 },   // U+7ED3 结
    { 0x7ED5, 15066, 11, 11,   0,  -10, 12 },   // U+7ED5 绕
    { 0x7ED9, 15082, 11, 11,   0,  -10, 12 },   // U+7ED9 给
    { 0x7EDD, 15098, 11, 11,   0,  -10, 12 },   // U+7EDD 绝
    { 0x7EDE, 15114, 11, 11,   0,  -10, 12 },   // U+7EDE 绞
    { 0x7EDF, 15130, 11, 11,   0,  -10, 12 },   // U+7EDF 统
    { 0x7EE7, 15146, 11, 11,   0,  -10, 12 },   // U+7EE7 继
    { 0x7EEA, 15162, 11, 11,   0,  -10, 12 },   // U+7EEA 绪
    { 0x7EED, 15178, 11, 11,   0,  -10, 12 },   // U+7EED 续
    { 0x7EFF, 15194, 11, 11,   0,  -10, 12 },   // U+7EFF 绿
    { 0x7F06, 15210, 11, 11,   0,  -10, 12 },   // U+7F06 缆
    { 0x7F13, 15226, 11, 11,   0,  -10, 12 },   // U+7F13 缓
    { 0x7F15, 15242, 11, 11,   0,  -10, 12 },   // U+7F15 缕
    { 0x7F1D, 15258, 11, 11,   0,  -10, 12 },   // U+7F1D 缝
    { 0x7F20, 15274, 11, 11,   0,  -10, 12 },   // U+7F20 缠
    { 0x7F3A, 15290, 11, 11,   0,  -10, 12 },   // U+7F3A 缺
    { 0x7F50, 15306, 11, 11,   0,  -10, 12 },   // U+7F50 罐
    { 0x7F51, 15322, 11, 11,   0,  -10, 12 },   // U+7F51 网
    { 0x7F57, 15338, 11, 11,   0,  -10, 12 },   // U+7F57 罗
    { 0x7F6A, 15354, 11, 11,   0,  -10, 12 },   // U+7F6A 罪
    { 0x7F6E, 15370, 11, 11,   0,  -10, 12 },   // U+7F6E 置
    { 0x7F8E, 15386, 11, 11,   0,  -10, 12 },   // U+7F8E 美
    { 0x7FA4, 15402, 11, 11,   0,  -10, 12 },   // U+7FA4 群
    { 0x7FB9, 15418, 11, 11,   0,  -10, 12 },   // U+7FB9 羹
    { 0x7FFB, 15434, 11, 11,   0,  -10, 12 },   // U+7FFB 翻
    { 0x8001, 15450, 11, 11,   0,  -10, 12 },   // U+8001 老
    { 0x8005, 15466, 11, 11,   0,  -10, 12 },   // U+8005 者
    { 0x800C, 15482, 11, 11,   0,  -10, 12 },   // U+800C 而
    { 0x8010, 15498, 11, 11,   0,  -10, 12 },   // U+8010 耐
    { 0x8017, 15514, 11, 11,   0,  -10, 12 },   // U+8017 耗
    { 0x803B, 15530, 11, 11,   0,  -10, 12 },   // U+803B 耻
    { 0x8089, 15546, 11, 11,   0,  -10, 12 },   // U+8089 肉
    { 0x808B, 15562, 11, 11,   0,  -10, 12 },   // U+808B 肋
    { 0x808C, 15578, 11, 11,   0,  -10, 12 },   // U+808C 肌
    { 0x80A2, 15594, 11, 11,   0,  -10, 12 },   // U+80A2 肢
    { 0x80A9, 15610, 11, 11,   0,  -10, 12 },   // U+80A9 肩
    { 0x80AE, 15626, 11, 11,   0,  -10, 12 },   // U+80AE 肮
    { 0x80B2, 15642, 11, 11,   0,  -10, 12 },   // U+80B2 育
    { 0x80CC, 15658, 11, 11,   0,  -10, 12 },   // U+80CC 背
    { 0x80DC, 15674, 11, 11,   0,  -10, 12 },   // U+80DC 胜
    { 0x80EB, 15690, 11, 11,   0,  -10, 12 },   // U+80EB 胫
    { 0x80F8, 15706, 11, 11,   0,  -10, 12 },   // U+80F8 胸
    { 0x80FD, 15722, 11, 11,   0,  -10, 12 },   // U+80FD 能
    { 0x8109, 15738, 11, 11,   0,  -10, 12 },   // U+8109 脉
    { 0x810F, 15754, 11, 11,   0,  -10, 12 },   // U+810F 脏
    { 0x8111, 15770, 11, 11,   0,  -10, 12 },   // U+8111 脑
    { 0x811A, 15786, 11, 11,   0,  -10, 12 },   // U+811A 脚
    { 0x8131, 15802, 11, 11,   0,  -10, 12 },   // U+8131 脱
    { 0x8138, 15818, 11, 11,   0,  -10, 12 },   // U+8138 脸
    { 0x8150, 15834, 11, 11,   0,  -10, 12 },   // U+8150 腐
    { 0x8165, 15850, 11, 11,   0,  -10, 12 },   // U+8165 腥
    { 0x81C2, 15866, 11, 11,   0,  -10, 12 },   // U+81C2 臂
    { 0x81EA, 15882,  9, 11,   1,  -10, 12 },   // U+81EA 自
    { 0x81ED, 15895, 11, 11,   0,  -10, 12 },   // U+81ED 臭
    { 0x81F3, 15911, 11, 11,   0,  -10, 12 },   // U+81F3 至
    { 0x81F4, 15927, 11, 11,   0,  -10, 12 },   // U+81F4 致
    { 0x820D, 15943, 11, 11,   0,  -10, 12 },   // U+820D 舍
    { 0x821E, 15959, 11, 11,   0,  -10, 12 },   // U+821E 舞
    { 0x822C, 15975, 11, 11,   0,  -10, 12 },   // U+822C 般
    { 0x8230, 15991, 11, 11,   0,  -10, 12 },   // U+8230 舰
    { 0x8231, 16007, 11, 11,   0,  -10, 12 },   // U+8231 舱
    { 0x8239, 16023, 11, 11,   0,  -10, 12 },   // U+8239 船
    { 0x8258, 16039, 11, 11,   0,  -10, 12 },   // U+8258 艘
    { 0x826F, 16055, 10, 11,   1,  -10, 12 },   // U+826F 良
    { 0x8272, 16069, 11, 11,   0,  -10, 12 },   // U+8272 色
    { 0x827A, 16085, 11, 11,   0,  -10, 12 },   // U+827A 艺
    { 0x8282, 16101, 11, 11,   0,  -10, 12 },   // U+8282 节
    { 0x8292, 16117, 11, 11,   0,  -10, 12 },   // U+8292 芒
    { 0x829C, 16133, 11, 11,   0,  -10, 12 },   // U+829C 芜
    { 0x82A6, 16149, 11, 11,   0,  -10, 12 },   // U+82A6 芦
    { 0x82B1, 16165, 11, 11,   0,  -10, 12 },   // U+82B1 花
    { 0x82D4, 16181, 11, 11,   0,  -10, 12 },   // U+82D4 苔
    { 0x82D7, 16197, 11, 11,   0,  -10, 12 },   // U+82D7 苗
    { 0x82E6, 16213, 11, 11,   0,  -10, 12 },   // U+82E6 苦
    { 0x8349, 16229, 11, 11,   0,  -10, 12 },   // U+8349 草
    { 0x8352, 16245, 11, 11,   0,  -10, 12 },   // U+8352 荒
    { 0x8361, 16261, 11, 11,   0,  -10, 12 },   // U+8361 荡
    { 0x8363, 16277, 11, 11,   0,  -10, 12 },   // U+8363 荣
    { 0x836F, 16293, 11, 11,   0,  -10, 12 },   // U+836F 药
    { 0x83AB, 16309, 11, 11,   0,  -10, 12 },   // U+83AB 莫
    { 0x83B7, 16325, 11, 11,   0,  -10, 12 },   // U+83B7 获
    { 0x8425, 16341, 11, 11,   0,  -10, 12 },   // U+8425 营
    { 0x843D, 16357, 11, 11,   0,  -10, 12 },   // U+843D 落
    { 0x846C, 16373, 11, 11,   0,  -10, 12 },   // U+846C 葬
    { 0x8499, 16389, 11, 11,   0,  -10, 12 },   // U+8499 蒙
    { 0x84DD, 16405, 11, 11,   0,  -10, 12 },   // U+84DD 蓝
    { 0x8513, 16421, 11, 11,   0,  -10, 12 },   // U+8513 蔓
    { 0x8584, 16437, 11, 11,   0,  -10, 12 },   // U+8584 薄
    { 0x85CF, 16453, 11, 11,   0,  -10, 12 },   // U+85CF 藏
    { 0x865A, 16469, 11, 11,   0,  -10, 12 },   // U+865A 虚
    { 0x866B, 16485, 11, 11,   0,  -10, 12 },   // U+866B 虫
    { 0x867D, 16501, 11, 11,   0,  -10, 12 },   // U+867D 虽
    { 0x86D9, 16517, 11, 11,   0,  -10, 12 },   // U+86D9 蛙
    { 0x86DB, 16533, 11, 11,   0,  -10, 12 },   // U+86DB 蛛
    { 0x86EE, 16549, 11, 11,   0,  -10, 12 },   // U+86EE 蛮
    { 0x8712, 16565, 11, 11,   0,  -10, 12 },   // U+8712 蜒
    { 0x8725, 16581, 11, 11,   0,  -10, 12 },   // U+8725 蜥
    { 0x8734, 16597, 11, 11,   0,  -10, 12 },   // U+8734 蜴
    { 0x873F, 16613, 11, 11,   0,  -10, 12 },   // U+873F 蜿
    { 0x8815, 16629, 11, 11,   0,  -10, 12 },   // U+8815 蠕
    { 0x8840, 16645, 11, 11,   0,  -10, 12 },   // U+8840 血
    { 0x884C, 16661, 11, 11,   0,  -10, 12 },   // U+884C 行
    { 0x8857, 16677, 11, 11,   0,  -10, 12 },   // U+8857 街
    { 0x8863, 16693, 11, 11,   0,  -10, 12 },   // U+8863 衣
    { 0x8865, 16709, 11, 11,   0,  -10, 12 },   // U+8865 补
    { 0x8868, 16725, 11, 11,   0,  -10, 12 },   // U+8868 表
    { 0x886B, 16741, 11, 11,   0,  -10, 12 },   // U+886B 衫
    { 0x8877, 16757, 11, 11,   0,  -10, 12 },   // U+8877 衷
    { 0x888B, 16773, 11, 11,   0,  -10, 12 },   // U+888B 袋
    { 0x88AB, 16789, 11, 11,   0,  -10, 12 },   // U+88AB 被
    { 0x88AD, 16805, 11, 11,   0,  -10, 12 },   // U+88AD 袭
    { 0x88C2, 16821, 11, 11,   0,  -10, 12 },   // U+88C2 裂
    { 0x88C5, 16837, 11, 11,   0,  -10, 12 },   // U+88C5 装
    { 0x88E8, 16853, 11, 11,   0,  -10, 12 },   // U+88E8 裨
    { 0x88F9, 16869, 11, 11,   0,  -10, 12 },   // U+88F9 裹
    { 0x891B, 16885, 11, 11,   0,  -10, 12 },   // U+891B 褛
    { 0x8934, 16901, 11, 11,   0,  -10, 12 },   // U+8934 褴
    { 0x897F, 16917, 11, 11,   0,  -10, 12 },   // U+897F 西
    { 0x8981, 16933, 11, 11,   0,  -10, 12 },   // U+8981 要
    { 0x8986, 16949, 11, 11,   0,  -10, 12 },   // U+8986 覆
    { 0x89C1, 16965, 11, 11,   0,  -10, 12 },   // U+89C1 见
    { 0x89C6, 16981, 11, 11,   0,  -10, 12 },   // U+89C6 视
    { 0x89D2, 16997, 10, 11,   0,  -10, 12 },   // U+89D2 角
    { 0x89E3, 17011, 11, 11,   0,  -10, 12 },   // U+89E3 解
    { 0x89E6, 17027, 11, 11,   0,  -10, 12 },   // U+89E6 触
    { 0x8A00, 17043, 11, 11,   0,  -10, 12 },   // U+8A00 言
    { 0x8B66, 17059, 11, 11,   0,  -10, 12 },   // U+8B66 警
    { 0x8BA1, 17075, 11, 11,   0,  -10, 12 },   // U+8BA1 计
    { 0x8BA4, 17091, 11, 11,   0,  -10, 12 },   // U+8BA4 认
    { 0x8BA9, 17107, 11, 11,   0,  -10, 12 },   // U+8BA9 让
    { 0x8BB8, 17123, 11, 11,   0,  -10, 12 },   // U+8BB8 许
    { 0x8BBA, 17139, 11, 11,   0,  -10, 12 },   // U+8BBA 论
    { 0x8BBE, 17155, 11, 11,   0,  -10, 12 },   // U+8BBE 设
    { 0x8BC4, 17171, 11, 11,   0,  -10, 12 },   // U+8BC4 评
    { 0x8BC6, 17187, 11, 11,   0,  -10, 12 },   // U+8BC6 识
    { 0x8BCA, 17203, 11, 11,   0,  -10, 12 },   // U+8BCA 诊
    { 0x8BD5, 17219, 11, 11,   0,  -10, 12 },   // U+8BD5 试
    { 0x8BDD, 17235, 11, 11,   0,  -10, 12 },   // U+8BDD 话
    { 0x8BE5, 17251, 11, 11,   0,  -10, 12 },   // U+8BE5 该
    { 0x8BF1, 17267, 11, 11,   0,  -10, 12 },   // U+8BF1 诱
    { 0x8BF4, 17283, 11, 11,   0,  -10, 12 },   // U+8BF4 说
    { 0x8BF7, 17299, 11, 11,   0,  -10, 12 },   // U+8BF7 请
    { 0x8C03, 17315, 11, 11,   0,  -10, 12 },   // U+8C03 调
    { 0x8C08, 17331, 11, 11,   0,  -10, 12 },   // U+8C08 谈
    { 0x8C22, 17347, 11, 11,   0,  -10, 12 },   // U+8C22 谢
    { 0x8C27, 17363, 11, 11,   0,  -10, 12 },   // U+8C27 谧
    { 0x8C61, 17379, 11, 11,   0,  -10, 12 },   // U+8C61 象
    { 0x8D1F, 17395, 11, 11,   0,  -10, 12 },   // U+8D1F 负
    { 0x8D25, 17411, 11, 11,   0,  -10, 12 },   // U+8D25 败
    { 0x8D26, 17427, 11, 11,   0,  -10, 12 },   // U+8D26 账
    { 0x8D27, 17443, 11, 11,   0,  -10, 12 },   // U+8D27 货
    { 0x8D2D, 17459, 11, 11,   0,  -10, 12 },   // U+8D2D 购
    { 0x8D34, 17475, 11, 11,   0,  -10, 12 },   // U+8D34 贴
    { 0x8D38, 17491, 11, 11,   0,  -10, 12 },   // U+8D38 贸
    { 0x8D39, 17507, 11, 11,   0,  -10, 12 },   // U+8D39 费
    { 0x8D3C, 17523, 11, 11,   0,  -10, 12 },   // U+8D3C 贼
    { 0x8D44, 17539, 11, 11,   0,  -10, 12 },   // U+8D44 资
    { 0x8D4E, 17555, 11, 11,   0,  -10, 12 },   // U+8D4E 赎
    { 0x8D70, 17571, 11, 11,   0,  -10, 12 },   // U+8D70 走
    { 0x8D77, 17587, 11, 11,   0,  -10, 12 },   // U+8D77 起
    { 0x8D85, 17603, 11, 11,   0,  -10, 12 },   // U+8D85 超
    { 0x8D8A, 17619, 11, 11,   0,  -10, 12 },   // U+8D8A 越
    { 0x8DB3, 17635, 11, 11,   0,  -10, 12 },   // U+8DB3 足
    { 0x8DCC, 17651, 11, 11,   0,  -10, 12 },   // U+8DCC 跌
    { 0x8DD1, 17667, 11, 11,   0,  -10, 12 },   // U+8DD1 跑
    { 0x8DDA, 17683, 11, 11,   0,  -10, 12 },   // U+8DDA 跚
    { 0x8DDD, 17699, 11, 11,   0,  -10, 12 },   // U+8DDD 距
    { 0x8DDF, 17715, 11, 11,   0,  -10, 12 },   // U+8DDF 跟
    { 0x8DEF, 17731, 11, 11,   0,  -10, 12 },   // U+8DEF 路
    { 0x8DF3, 17747, 11, 11,   0,  -10, 12 },   // U+8DF3 跳
    { 0x8E2A, 17763, 11, 11,   0,  -10, 12 },   // U+8E2A 踪
    { 0x8E52, 17779, 11, 11,   0,  -10, 12 },   // U+8E52 蹒
    { 0x8E72, 17795, 11, 11,   0,  -10, 12 },   // U+8E72 蹲
    { 0x8E7F, 17811, 11, 11,   0,  -10, 12 },   // U+8E7F 蹿
    { 0x8EAB, 17827, 11, 11,   0,  -10, 12 },   // U+8EAB 身
    { 0x8EAF, 17843, 11, 11,   0,  -10, 12 },   // U+8EAF 躯
    { 0x8EB2, 17859, 11, 11,   0,  -10, 12 },   // U+8EB2 躲
    { 0x8EBA, 17875, 11, 11,   0,  -10, 12 },   // U+8EBA 躺
    { 0x8F66, 17891, 11, 11,   0,  -10, 12 },   // U+8F66 车
    { 0x8F6C, 17907, 11, 11,   0,  -10, 12 },   // U+8F6C 转
    { 0x8F7B, 17923, 11, 11,   0,  -10, 12 },   // U+8F7B 轻
    { 0x8F7D, 17939, 11, 11,   0,  -10, 12 },   // U+8F7D 载
    { 0x8F83, 17955, 11, 11,   0,  -10, 12 },   // U+8F83 较
    { 0x8F86, 17971, 11, 11,   0,  -10, 12 },   // U+8F86 辆
    { 0x8FA8, 17987, 11, 11,   0,  -10, 12 },   // U+8FA8 辨
    { 0x8FB9, 18003, 11, 11,   0,  -10, 12 },   // U+8FB9 边
    { 0x8FBE, 18019, 11, 11,   0,  -10, 12 },   // U+8FBE 达
    { 0x8FC1, 18035, 11, 11,   0,  -10, 12 },   // U+8FC1 迁
    { 0x8FC5, 18051, 11, 11,   0,  -10, 12 },   // U+8FC5 迅
    { 0x8FC7, 18067, 11, 11,   0,  -10, 12 },   // U+8FC7 过
    { 0x8FC8, 18083, 11, 11,   0,  -10, 12 },   // U+8FC8 迈
    { 0x8FCE, 18099, 11, 11,   0,  -10, 12 },   // U+8FCE 迎
    { 0x8FD0, 18115, 11, 11,   0,  -10, 12 },   // U+8FD0 运
    { 0x8FD1, 18131, 11, 11,   0,  -10, 12 },   // U+8FD1 近
    { 0x8FD4, 18147, 11, 11,   0,  -10, 12 },   // U+8FD4 返
    { 0x8FD8, 18163, 11, 11,   0,  -10, 12 },   // U+8FD8 还
    { 0x8FD9, 18179, 11, 11,   0,  -10, 12 },   // U+8FD9 这
    { 0x8FDB, 18195, 11, 11,   0,  -10, 12 },   // U+8FDB 进
    { 0x8FDC, 18211, 11, 11,   0,  -10, 12 },   // U+8FDC 远
    { 0x8FDE, 18227, 11, 11,   0,  -10, 12 },   // U+8FDE 连
    { 0x8FEB, 18243, 11, 11,   0,  -10, 12 },   // U+8FEB 迫
    { 0x8FF7, 18259, 11, 11,   0,  -10, 12 },   // U+8FF7 迷
    { 0x8FF9, 18275, 11, 11,   0,  -10, 12 },   // U+8FF9 迹
    { 0x8FFD, 18291, 11, 11,   0,  -10, 12 },   // U+8FFD 追
    { 0x9000, 18307, 11, 11,   0,  -10, 12 },   // U+9000 退
    { 0x9003, 18323, 11, 11,   0,  -10, 12 },   // U+9003 逃
    { 0x9009, 18339, 11, 11,   0,  -10, 12 },   // U+9009 选
    { 0x900F, 18355, 11, 11,   0,  -10, 12 },   // U+900F 透
    { 0x9014, 18371, 11, 11,   0,  -10, 12 },   // U+9014 途
    { 0x9017, 18387, 11, 11,   0,  -10, 12 },   // U+9017 逗
    { 0x901A, 18403, 11, 11,   0,  -10, 12 },   // U+901A 通
    { 0x901F, 18419, 11, 11,   0,  -10, 12 },   // U+901F 速
    { 0x9020, 18435, 11, 11,   0,  -10, 12 },   // U+9020 造
    { 0x9038, 18451, 11, 11,   0,  -10, 12 },   // U+9038 逸
    { 0x903B, 18467, 11, 11,   0,  -10, 12 },   // U+903B 逻
    { 0x904D, 18483, 11, 11,   0,  -10, 12 },   // U+904D 遍
    { 0x9053, 18499, 11, 11,   0,  -10, 12 },   // U+9053 道
    { 0x9057, 18515, 11, 11,   0,  -10, 12 },   // U+9057 遗
    { 0x907F, 18531, 11, 11,   0,  -10, 12 },   // U+907F 避
    { 0x90A3, 18547, 11, 11,   0,  -10, 12 },   // U+90A3 那
    { 0x90AE, 18563, 11, 11,   0,  -10, 12 },   // U+90AE 邮
    { 0x90E8, 18579, 11, 11,   0,  -10, 12 },   // U+90E8 部
    { 0x90FD, 18595, 11, 11,   0,  -10, 12 },   // U+90FD 都
    { 0x914D, 18611, 11, 11,   0,  -10, 12 },   // U+914D 配
    { 0x916C, 18627, 11, 11,   0,  -10, 12 },   // U+916C 酬
    { 0x9177, 18643, 11, 11,   0,  -10, 12 },   // U+9177 酷
    { 0x9192, 18659, 11, 11,   0,  -10, 12 },   // U+9192 醒
    { 0x91C7, 18675, 11, 11,   0,  -10, 12 },   // U+91C7 采
    { 0x91CA, 18691, 11, 11,   0,  -10, 12 },   // U+91CA 释
    { 0x91CC, 18707, 11, 11,   0,  -10, 12 },   // U+91CC 里
    { 0x91CD, 18723, 11, 11,   0,  -10, 12 },   // U+91CD 重
    { 0x91CE, 18739, 11, 11,   0,  -10, 12 },   // U+91CE 野
    { 0x91CF, 18755, 11, 11,   0,  -10, 12 },   // U+91CF 量
    { 0x91D1, 18771, 11, 11,   0,  -10, 12 },   // U+91D1 金
    { 0x9488, 18787, 11, 11,   0,  -10, 12 },   // U+9488 针
    { 0x949F, 18803, 11, 11,   0,  -10, 12 },   // U+949F 钟
    { 0x94A2, 18819, 11, 11,   0,  -10, 12 },   // U+94A2 钢
    { 0x94C1, 18835, 11, 11,   0,  -10, 12 },   // U+94C1 铁
    { 0x94DC, 18851, 11, 11,   0,  -10, 12 },   // U+94DC 铜
    { 0x94FA, 18867, 11, 11,   0,  -10, 12 },   // U+94FA 铺
    { 0x9500, 18883, 11, 11,   0,  -10, 12 },   // U+9500 销
    { 0x9501, 18899, 11, 11,   0,  -10, 12 },   // U+9501 锁
    { 0x9508, 18915, 11, 11,   0,  -10, 12 },   // U+9508 锈
    { 0x950B, 18931, 11, 11,   0,  -10, 12 },   // U+950B 锋
    { 0x9519, 18947, 11, 11,   0,  -10, 12 },   // U+9519 错
    { 0x952F, 18963, 11, 11,   0,  -10, 12 },   // U+952F 锯
    { 0x9547, 18979, 11, 11,   0,  -10, 12 },   // U+9547 镇
    { 0x957F, 18995, 11, 11,   0,  -10, 12 },   // U+957F 长
    { 0x95E8, 19011, 11, 11,   0,  -10, 12 },   // U+95E8 门
    { 0x95EA, 19027, 11, 11,   0,  -10, 12 },   // U+95EA 闪
    { 0x95ED, 19043, 11, 11,   0,  -10, 12 },   // U+95ED 闭
    { 0x95EF, 19059, 11, 11,   0,  -10, 12 },   // U+95EF 闯
    { 0x95F4, 19075, 11, 11,   0,  -10, 12 },   // U+95F4 间
    { 0x95F9, 19091, 11, 11,   0,  -10, 12 },   // U+95F9 闹
    { 0x961F, 19107, 11, 11,   0,  -10, 12 },   // U+961F 队
    { 0x9631, 19123, 11, 11,   0,  -10, 12 },   // U+9631 阱
    { 0x9632, 19139, 11, 11,   0,  -10, 12 },   // U+9632 防
    { 0x9634, 19155, 11, 11,   0,  -10, 12 },   // U+9634 阴
    { 0x9635, 19171, 11, 11,   0,  -10, 12 },   // U+9635 阵
    { 0x9645, 19187, 11, 11,   0,  -10, 12 },   // U+9645 际
    { 0x964B, 19203, 11, 11,   0,  -10, 12 },   // U+964B 陋
    { 0x964C, 19219, 11, 11,   0,  -10, 12 },   // U+964C 陌
    { 0x9662, 19235, 11, 11,   0,  -10, 12 },   // U+9662 院
    { 0x9664, 19251, 11, 11,   0,  -10, 12 },   // U+9664 除
    { 0x9669, 19267, 11, 11,   0,  -10, 12 },   // U+9669 险
    { 0x966A, 19283, 11, 11,   0,  -10, 12 },   // U+966A 陪
    { 0x9677, 19299, 11, 11,   0,  -10, 12 },   // U+9677 陷
    { 0x968F, 19315, 11, 11,   0,  -10, 12 },   // U+968F 随
    { 0x9690, 19331, 11, 11,   0,  -10, 12 },   // U+9690 隐
    { 0x9694, 19347, 11, 11,   0,  -10, 12 },   // U+9694 隔
    { 0x969C, 19363, 11, 11,   0,  -10, 12 },   // U+969C 障
    { 0x96A7, 19379, 11, 11,   0,  -10, 12 },   // U+96A7 隧
    { 0x96BE, 19395, 11, 11,   0,  -10, 12 },   // U+96BE 难
    { 0x96C6, 19411, 11, 11,   0,  -10, 12 },   // U+96C6 集
    { 0x96E8, 19427, 11, 11,   0,  -10, 12 },   // U+96E8 雨
    { 0x96F6, 19443, 11, 11,   0,  -10, 12 },   // U+96F6 零
    { 0x96F7, 19459, 11, 11,   0,  -10, 12 },   // U+96F7 雷
    { 0x96FE, 19475, 11, 11,   0,  -10, 12 },   // U+96FE 雾
    { 0x9700, 19491, 11, 11,   0,  -10, 12 },   // U+9700 需
    { 0x971C, 19507, 11, 11,   0,  -10, 12 },   // U+971C 霜
    { 0x9732, 19523, 11, 11,   0,  -10, 12 },   // U+9732 露
    { 0x973E, 19539, 11, 11,   0,  -10, 12 },   // U+973E 霾
    { 0x9752, 19555, 11, 11,   0,  -10, 12 },   // U+9752 青
    { 0x9759, 19571, 11, 11,   0,  -10, 12 },   // U+9759 静
    { 0x975E, 19587, 11, 11,   0,  -10, 12 },   // U+975E 非
    { 0x9760, 19603, 11, 11,   0,  -10, 12 },   // U+9760 靠
    { 0x9761, 19619, 11, 11,   0,  -10, 12 },   // U+9761 靡
    { 0x9762, 19635, 11, 11,   0,  -10, 12 },   // U+9762 面
    { 0x9769, 19651, 11, 11,   0,  -10, 12 },   // U+9769 革
    { 0x97F3, 19667, 11, 11,   0,  -10, 12 },   // U+97F3 音
    { 0x9876, 19683, 11, 11,   0,  -10, 12 },   // U+9876 顶
    { 0x987A, 19699, 11, 11,   0,  -10, 12 },   // U+987A 顺
    { 0x987E, 19715, 11, 11,   0,  -10, 12 },   // U+987E 顾
    { 0x9884, 19731, 11, 11,   0,  -10, 12 },   // U+9884 预
    { 0x9886, 19747, 11, 11,   0,  -10, 12 },   // U+9886 领
    { 0x9893, 19763, 11, 11,   0,  -10, 12 },   // U+9893 颓
    { 0x9897, 19779, 11, 11,   0,  -10, 12 },   // U+9897 颗
    { 0x98A4, 19795, 11, 11,   0,  -10, 12 },   // U+98A4 颤
    { 0x98CE, 19811, 11, 11,   0,  -10, 12 },   // U+98CE 风
    { 0x98D8, 19827, 11, 11,   0,  -10, 12 },   // U+98D8 飘
    { 0x98DE, 19843, 11, 11,   0,  -10, 12 },   // U+98DE 飞
    { 0x98DF, 19859, 11, 11,   0,  -10, 12 },   // U+98DF 食
    { 0x9965, 19875, 11, 11,   0,  -10, 12 },   // U+9965 饥
    { 0x996D, 19891, 11, 11,   0,  -10, 12 },   // U+996D 饭
    { 0x9971, 19907, 11, 11,   0,  -10, 12 },   // U+9971 饱
    { 0x9975, 19923, 11, 11,   0,  -10, 12 },   // U+9975 饵
    { 0x997F, 19939, 11, 11,   0,  -10, 12 },   // U+997F 饿
    { 0x9986, 19955, 11, 11,   0,  -10, 12 },   // U+9986 馆
    { 0x9996, 19971, 11, 11,   0,  -10, 12 },   // U+9996 首
    { 0x9A71, 19987, 11, 11,   0,  -10, 12 },   // U+9A71 驱
    { 0x9A7B, 20003, 11, 11,   0,  -10, 12 },   // U+9A7B 驻
    { 0x9A8C, 20019, 11, 11,   0,  -10, 12 },   // U+9A8C 验
    { 0x9A9A, 20035, 11, 11,   0,  -10, 12 },   // U+9A9A 骚
    { 0x9AA8, 20051, 11, 11,   0,  -10, 12 },   // U+9AA8 骨
    { 0x9AB8, 20067, 11, 11,   0,  -10, 12 },   // U+9AB8 骸
    { 0x9ABC, 20083, 11, 11,   0,  -10, 12 },   // U+9ABC 骼
    { 0x9AD8, 20099, 11, 11,   0,  -10, 12 },   // U+9AD8 高
    { 0x9C9C, 20115, 11, 11,   0,  -10, 12 },   // U+9C9C 鲜
    { 0x9CDE, 20131, 11, 11,   0,  -10, 12 },   // U+9CDE 鳞
    { 0x9E1F, 20147, 11, 11,   0,  -10, 12 },   // U+9E1F 鸟
    { 0x9E23, 20163, 11, 11,   0,  -10, 12 },   // U+9E23 鸣
    { 0x9E26, 20179, 11, 11,   0,  -10, 12 },   // U+9E26 鸦
    { 0x9EBB, 20195, 11, 11,   0,  -10, 12 },   // U+9EBB 麻
    { 0x9EC4, 20211, 11, 11,   0,  -10, 12 },   // U+9EC4 黄
    { 0x9ECF, 20227, 11, 11,   0,  -10, 12 },   // U+9ECF 黏
    { 0x9ED1, 20243, 11, 11,   0,  -10, 12 },   // U+9ED1 黑
    { 0x9F20, 20259, 10, 11,   1,  -10, 12 },   // U+9F20 鼠
    { 0x9F50, 20273, 11, 11,   0,  -10, 12 },   // U+9F50 齐
    { 0x9F7F, 20289, 11, 11,   0,  -10, 12 },   // U+9F7F 齿
    { 0xFF01, 20305,  3,  9,   1,   -9, 12 },   // U+FF01 ！
    { 0xFF05, 20309,  7,  9,   2,   -9, 12 },   // U+FF05 ％
    { 0xFF08, 20317,  3, 11,   7,  -10, 12 },   // U+FF08 （
    { 0xFF09, 20322,  3, 11,   1,  -10, 12 },   // U+FF09 ）
    { 0xFF0C, 20327,  2,  4,   2,   -3, 12 },   // U+FF0C ，
    { 0xFF1A, 20328,  2,  8,   2,   -8, 12 },   // U+FF1A ：
    { 0xFF1B, 20330,  2,  9,   2,   -8, 12 },   // U+FF1B ；
    { 0xFF1F, 20333,  5,  9,   0,   -9, 12 },   // U+FF1F ？
    { 0xFF5E, 20339, 11,  3,   0,   -6, 12 },   // U+FF5E ～
};
static const uint16_t cjkFont12Count = sizeof(cjkFont12Glyphs) / sizeof(cjkFont12Glyphs[0]);
static const uint8_t cjkFont12Px = 12;
